user_id,signup_source,onboarding_completed,days_since_signup_at_snapshot,time_to_event_days,event_observed
1,referral,False,38,4.9,1
2,organic,False,9,9.0,0
3,referral,True,47,7.5,1
4,paid,False,13,13.0,0
5,organic,True,5,5.0,0
6,partner,False,41,8.9,1
7,referral,False,55,22.9,1
8,referral,True,71,6.8,1
9,organic,True,65,8.5,1
10,paid,False,72,30.0,0
11,organic,True,63,13.3,1
12,partner,False,59,9.3,1
13,paid,False,0,0.0,0
14,referral,False,52,16.6,1
15,organic,True,10,2.0,1
16,organic,False,4,4.0,0
17,paid,False,13,12.5,1
18,organic,True,69,14.5,1
19,referral,True,62,5.0,1
20,paid,True,79,4.9,1
21,referral,True,82,9.9,1
22,organic,False,75,1.6,1
23,partner,True,11,2.6,1
24,referral,False,73,12.5,1
25,referral,True,70,4.8,1
26,organic,True,73,11.8,1
27,paid,True,12,5.8,1
28,organic,False,9,9.0,0
29,organic,False,77,30.0,0
30,paid,True,14,14.0,0
31,paid,False,30,21.0,1
32,partner,True,38,2.5,1
33,organic,True,10,10.0,0
34,organic,True,1,1.0,0
35,paid,False,83,17.3,1
36,organic,False,73,28.2,1
37,organic,False,76,7.1,1
38,paid,True,23,8.9,1
39,organic,True,18,15.2,1
40,paid,False,35,30.0,0
41,organic,True,38,23.2,1
42,referral,False,0,0.0,0
43,paid,False,65,20.1,1
44,organic,True,83,10.2,1
45,referral,False,44,16.4,1
46,referral,False,32,26.2,1
47,organic,True,32,17.6,1
48,organic,False,8,8.0,0
49,paid,False,22,1.3,1
50,organic,True,42,14.4,1
51,organic,False,36,30.0,0
52,organic,True,45,10.7,1
53,referral,False,71,3.8,1
54,paid,False,18,9.0,1
55,paid,False,2,2.0,0
56,referral,True,3,2.1,1
57,paid,False,11,11.0,0
58,paid,True,47,0.6,1
59,organic,True,67,29.6,1
60,organic,True,74,5.8,1
61,paid,False,53,7.1,1
62,paid,True,33,3.1,1
63,paid,True,12,10.1,1
64,referral,False,33,6.8,1
65,paid,True,27,15.8,1
66,paid,True,73,8.2,1
67,paid,True,40,12.2,1
68,organic,True,19,10.4,1
69,organic,False,24,14.9,1
70,organic,True,11,11.0,0
71,organic,True,77,19.0,1
72,organic,False,4,4.0,0
73,referral,False,1,1.0,0
74,organic,False,15,14.8,1
75,organic,False,68,12.8,1
76,organic,False,43,30.0,0
77,organic,True,52,6.1,1
78,paid,False,30,11.6,1
79,paid,False,5,5.0,0
80,referral,True,71,9.5,1
81,paid,True,16,10.3,1
82,organic,True,2,2.0,0
83,referral,False,48,22.9,1
84,organic,False,6,6.0,0
85,organic,False,8,8.0,0
86,organic,True,67,24.3,1
87,paid,True,41,14.0,1
88,paid,True,20,4.9,1
89,organic,True,29,11.7,1
90,paid,False,61,18.4,1
91,organic,False,5,5.0,0
92,paid,False,9,9.0,0
93,organic,False,51,30.0,0
94,organic,False,50,30.0,0
95,organic,True,81,18.8,1
96,paid,True,31,8.3,1
97,organic,True,5,5.0,0
98,organic,True,45,14.6,1
99,organic,True,53,11.1,1
100,partner,True,11,1.4,1
101,partner,False,46,17.4,1
102,paid,True,16,9.5,1
103,organic,False,70,21.0,1
104,partner,False,70,8.7,1
105,referral,False,36,7.9,1
106,paid,False,81,10.5,1
107,organic,True,82,19.5,1
108,organic,False,10,10.0,0
109,organic,True,30,6.3,1
110,partner,False,50,15.7,1
111,paid,True,7,1.2,1
112,organic,True,32,15.1,1
113,organic,False,21,20.5,1
114,paid,False,79,17.0,1
115,organic,True,34,13.6,1
116,referral,False,64,5.6,1
117,referral,True,32,12.7,1
118,paid,False,11,11.0,0
119,organic,True,72,10.0,1
120,paid,True,0,0.0,0
121,paid,True,4,4.0,0
122,paid,True,30,2.0,1
123,organic,True,57,5.0,1
124,organic,True,28,15.4,1
125,organic,True,5,5.0,0
126,paid,True,26,2.1,1
127,organic,True,20,17.8,1
128,organic,True,0,0.0,0
129,organic,False,44,28.5,1
130,paid,False,9,9.0,0
131,organic,True,24,24.0,0
132,partner,False,53,8.3,1
133,paid,True,60,11.1,1
134,organic,True,22,10.6,1
135,paid,False,27,27.0,0
136,organic,False,20,14.2,1
137,partner,False,80,13.1,1
138,paid,True,16,7.9,1
139,referral,False,15,15.0,0
140,organic,True,37,21.6,1
141,paid,True,15,10.8,1
142,paid,True,13,2.5,1
143,partner,False,8,8.0,0
144,paid,True,53,7.1,1
145,paid,False,51,30.0,0
146,organic,False,54,13.5,1
147,organic,False,64,30.0,0
148,paid,False,27,17.6,1
149,organic,False,77,25.0,1
150,organic,True,61,23.1,1
151,referral,True,67,9.3,1
152,referral,False,60,15.4,1
153,organic,True,30,11.8,1
154,paid,True,23,1.6,1
155,organic,True,35,12.8,1
156,paid,True,8,3.1,1
157,organic,True,37,13.0,1
158,paid,True,3,3.0,0
159,paid,False,0,0.0,0
160,referral,True,78,8.5,1
161,organic,False,57,26.7,1
162,partner,False,47,5.5,1
163,organic,True,28,8.9,1
164,organic,False,47,17.9,1
165,paid,False,74,16.5,1
166,organic,False,54,23.9,1
167,referral,True,50,6.1,1
168,referral,True,38,13.5,1
169,organic,True,29,20.9,1
170,partner,False,58,17.7,1
171,organic,False,82,30.0,0
172,paid,False,35,11.9,1
173,organic,False,32,30.0,0
174,partner,False,35,22.4,1
175,organic,False,35,7.1,1
176,organic,True,83,0.5,1
177,organic,False,59,20.8,1
178,partner,True,30,7.9,1
179,referral,True,31,4.2,1
180,paid,True,36,23.4,1
181,referral,False,3,3.0,0
182,referral,True,44,14.3,1
183,paid,True,68,11.4,1
184,organic,True,55,1.5,1
185,referral,True,16,4.5,1
186,paid,True,61,1.2,1
187,organic,False,60,12.6,1
188,organic,False,22,17.0,1
189,paid,True,52,5.9,1
190,organic,True,51,9.2,1
191,partner,True,70,8.3,1
192,organic,True,11,11.0,0
193,organic,False,16,16.0,0
194,referral,False,40,17.7,1
195,organic,False,3,3.0,0
196,organic,True,34,21.6,1
197,paid,False,66,14.6,1
198,referral,True,12,10.9,1
199,organic,True,38,16.8,1
200,organic,False,83,20.4,1
201,referral,False,42,20.9,1
202,partner,False,41,2.6,1
203,paid,False,46,17.7,1
204,organic,False,15,15.0,0
205,organic,False,12,12.0,0
206,organic,True,56,5.6,1
207,organic,True,33,9.8,1
208,paid,True,24,11.1,1
209,organic,True,2,2.0,0
210,paid,True,71,6.1,1
211,paid,True,2,2.0,0
212,paid,False,62,19.6,1
213,organic,False,32,30.0,0
214,referral,False,50,23.3,1
215,paid,True,20,20.0,0
216,paid,False,13,10.2,1
217,organic,True,44,1.6,1
218,organic,True,58,1.0,1
219,partner,True,16,4.4,1
220,organic,True,36,20.9,1
221,organic,True,37,1.8,1
222,paid,False,18,18.0,0
223,paid,False,47,21.1,1
224,partner,False,12,9.3,1
225,organic,True,42,27.7,1
226,partner,False,9,6.4,1
227,organic,False,40,0.9,1
228,paid,True,26,5.6,1
229,paid,False,37,9.2,1
230,organic,True,36,14.5,1
231,organic,True,76,26.1,1
232,organic,True,41,6.7,1
233,partner,True,68,6.6,1
234,paid,True,18,3.2,1
235,partner,True,29,14.7,1
236,referral,True,6,6.0,0
237,paid,False,35,20.2,1
238,referral,True,56,5.3,1
239,organic,True,70,6.8,1
240,organic,True,47,2.5,1
241,referral,False,53,16.7,1
242,referral,False,14,12.4,1
243,organic,False,3,3.0,0
244,paid,True,66,14.3,1
245,paid,True,14,11.9,1
246,referral,False,7,7.0,0
247,paid,True,78,10.3,1
248,organic,False,80,25.1,1
249,organic,False,51,16.5,1
250,organic,True,31,5.9,1
251,paid,False,69,24.3,1
252,referral,False,17,15.6,1
253,paid,True,36,6.7,1
254,organic,True,29,7.0,1
255,organic,True,76,6.0,1
256,paid,False,77,25.6,1
257,referral,True,54,6.9,1
258,organic,True,9,4.3,1
259,organic,False,40,24.1,1
260,paid,True,20,10.9,1
261,organic,True,74,1.5,1
262,referral,False,11,11.0,0
263,organic,True,4,4.0,0
264,organic,True,59,5.5,1
265,partner,True,38,13.7,1
266,organic,True,70,8.2,1
267,organic,True,6,6.0,0
268,organic,False,67,9.0,1
269,organic,False,3,3.0,0
270,organic,True,2,2.0,0
271,organic,False,38,30.0,0
272,organic,False,18,12.3,1
273,organic,False,49,6.2,1
274,paid,False,2,2.0,0
275,paid,False,2,2.0,0
276,organic,False,61,30.0,0
277,organic,True,17,5.3,1
278,paid,True,55,22.4,1
279,referral,True,62,9.8,1
280,referral,True,4,2.2,1
281,organic,False,64,4.8,1
282,organic,True,22,1.0,1
283,organic,True,32,12.7,1
284,organic,True,7,7.0,0
285,paid,True,70,10.0,1
286,organic,False,47,9.0,0
287,organic,False,42,8.3,1
288,organic,True,81,11.1,1
289,paid,True,28,11.4,1
290,organic,True,74,25.1,1
291,referral,True,60,8.5,1
292,organic,False,77,8.5,1
293,partner,False,76,9.0,1
294,organic,True,83,24.9,1
295,referral,True,11,11.0,0
296,partner,False,66,15.4,1
297,partner,False,67,25.3,1
298,referral,True,54,2.0,1
299,referral,True,23,5.6,1
300,paid,True,81,19.3,1
301,referral,False,17,6.8,1
302,organic,True,41,15.0,1
303,paid,True,43,14.5,1
304,paid,False,13,13.0,0
305,referral,False,60,30.0,0
306,paid,True,7,7.0,0
307,organic,True,58,5.6,1
308,paid,True,71,2.8,1
309,organic,False,29,26.0,1
310,organic,True,59,9.5,1
311,paid,False,13,13.0,0
312,organic,False,71,18.5,1
313,organic,True,79,17.9,1
314,organic,False,12,12.0,0
315,organic,True,58,20.5,1
316,organic,True,42,3.2,1
317,organic,False,44,7.7,1
318,paid,True,59,12.6,1
319,organic,True,41,7.0,1
320,partner,True,50,15.4,1
321,partner,True,19,4.9,1
322,paid,True,31,13.7,1
323,organic,False,72,12.8,0
324,paid,False,9,9.0,0
325,referral,False,50,12.8,1
326,paid,False,15,15.0,0
327,referral,True,71,7.1,1
328,paid,False,48,7.4,0
329,paid,True,33,22.0,1
330,organic,True,20,10.3,1
331,paid,False,36,13.2,1
332,organic,True,80,27.9,1
333,paid,True,42,11.8,1
334,referral,True,39,6.1,1
335,organic,True,62,9.3,1
336,paid,True,31,4.7,1
337,organic,True,35,13.8,1
338,paid,False,28,15.1,1
339,organic,True,12,10.7,1
340,partner,True,59,10.4,1
341,organic,True,73,27.2,1
342,partner,False,76,30.0,0
343,referral,True,73,3.5,1
344,paid,True,37,15.6,1
345,referral,True,23,5.9,1
346,referral,False,53,10.8,1
347,partner,False,80,15.2,1
348,organic,False,61,9.7,1
349,paid,False,41,11.3,1
350,organic,True,57,11.7,0
351,paid,True,64,5.6,1
352,organic,True,77,12.1,1
353,paid,True,64,12.4,1
354,paid,True,36,6.4,1
355,paid,True,22,7.0,1
356,paid,True,41,13.1,1
357,referral,False,27,1.6,1
358,referral,True,79,5.7,1
359,paid,False,42,13.6,1
360,paid,False,39,30.0,0
361,partner,True,29,11.0,1
362,organic,True,53,13.3,1
363,organic,False,43,16.3,1
364,organic,False,10,10.0,0
365,paid,True,73,5.8,1
366,organic,True,30,17.6,1
367,referral,False,36,8.4,1
368,paid,False,17,8.2,1
369,organic,True,46,7.2,1
370,referral,True,58,4.3,1
371,referral,False,74,4.6,1
372,organic,True,4,4.0,0
373,organic,False,81,14.2,1
374,organic,True,59,2.2,1
375,organic,True,23,10.8,1
376,organic,True,17,17.0,0
377,partner,True,24,0.2,1
378,organic,False,73,30.0,0
379,organic,True,24,15.8,1
380,paid,False,38,27.4,1
381,paid,True,59,10.4,1
382,partner,False,73,14.8,1
383,referral,False,55,12.4,1
384,paid,False,63,4.7,1
385,organic,True,14,12.7,1
386,partner,False,73,12.7,1
387,paid,True,23,3.7,1
388,partner,False,10,6.6,1
389,organic,True,82,18.3,1
390,referral,True,16,16.0,0
391,paid,True,11,7.8,1
392,organic,False,52,9.3,1
393,paid,False,26,15.0,1
394,paid,True,11,11.0,0
395,organic,False,50,12.8,1
396,paid,False,63,12.0,1
397,referral,True,66,6.6,1
398,organic,True,13,5.2,1
399,paid,False,46,9.1,1
400,organic,False,68,15.1,1
401,organic,True,13,9.1,1
402,partner,False,17,9.8,1
403,referral,True,0,0.0,0
404,organic,False,44,21.6,1
405,partner,False,16,8.8,1
406,referral,False,60,10.1,1
407,organic,True,80,12.4,1
408,referral,True,17,13.5,1
409,organic,True,54,8.4,1
410,partner,True,17,6.1,1
411,paid,False,1,1.0,0
412,paid,True,63,12.2,1
413,organic,True,36,18.1,1
414,referral,True,79,1.5,1
415,organic,True,44,5.2,1
416,organic,True,13,11.1,1
417,organic,False,37,23.8,1
418,referral,False,17,7.8,1
419,organic,True,73,11.7,1
420,partner,False,58,2.0,1
421,paid,False,28,28.0,0
422,organic,True,44,29.5,1
423,organic,False,56,18.2,1
424,organic,True,65,19.4,1
425,paid,True,6,6.0,0
426,referral,True,1,1.0,0
427,organic,True,9,9.0,0
428,referral,False,33,13.4,1
429,organic,False,39,14.5,1
430,referral,False,11,5.8,1
431,partner,False,34,13.1,1
432,referral,False,37,19.3,1
433,paid,False,9,9.0,0
434,referral,True,76,7.9,1
435,organic,True,50,7.1,1
436,organic,False,32,18.6,1
437,organic,True,42,17.2,1
438,paid,True,26,5.9,1
439,paid,True,71,9.5,1
440,paid,False,48,27.1,1
441,referral,True,41,6.6,1
442,organic,True,76,2.9,1
443,paid,True,70,6.7,1
444,organic,True,68,16.7,1
445,organic,False,18,13.8,1
446,paid,True,12,12.0,0
447,partner,False,57,12.2,1
448,paid,False,39,15.6,1
449,organic,True,57,18.1,1
450,paid,False,63,20.6,1
451,organic,False,24,5.2,1
452,referral,False,23,18.0,1
453,paid,True,41,5.2,1
454,organic,True,22,9.1,1
455,organic,False,56,19.3,1
456,organic,False,62,30.0,0
457,partner,False,39,20.7,1
458,paid,False,60,27.0,1
459,referral,True,42,6.3,1
460,paid,False,59,2.7,1
461,paid,True,18,3.9,1
462,organic,False,62,30.0,0
463,partner,True,60,11.1,1
464,organic,True,22,21.1,1
465,paid,False,46,2.6,1
466,paid,False,71,24.5,1
467,paid,False,20,20.0,0
468,partner,True,61,6.4,1
469,organic,True,80,11.2,1
470,paid,False,72,24.9,1
471,organic,True,33,9.0,1
472,paid,True,51,19.2,1
473,organic,False,83,20.7,0
474,organic,True,47,24.9,1
475,organic,False,9,9.0,0
476,organic,True,3,1.9,1
477,organic,False,66,18.9,1
478,paid,False,35,9.9,1
479,paid,False,20,20.0,0
480,organic,False,29,13.5,1
481,organic,True,63,2.3,1
482,organic,False,39,25.4,1
483,paid,False,72,0.4,1
484,organic,False,61,16.0,1
485,organic,False,81,12.6,1
486,organic,False,74,29.9,1
487,paid,False,21,12.7,1
488,organic,False,55,20.0,1
489,paid,True,1,1.0,0
490,paid,True,83,3.3,1
491,paid,False,21,19.1,1
492,paid,True,55,2.4,1
493,paid,False,71,6.2,1
494,organic,False,13,13.0,0
495,referral,True,71,15.0,1
496,paid,False,1,1.0,0
497,organic,False,37,30.0,0
498,paid,False,39,30.0,0
499,organic,True,31,1.9,1
500,paid,False,49,25.5,1
501,paid,True,76,6.9,1
502,referral,False,27,9.6,1
503,partner,True,48,6.2,1
504,paid,False,73,25.8,1
505,paid,False,64,14.3,1
506,referral,False,3,3.0,0
507,organic,True,79,10.9,1
508,referral,False,3,3.0,0
509,paid,False,49,10.7,1
510,organic,True,48,25.6,1
511,organic,False,66,17.5,1
512,referral,False,12,12.0,0
513,organic,False,15,15.0,0
514,organic,False,63,10.6,1
515,organic,False,12,12.0,0
516,organic,False,39,5.7,1
517,organic,False,61,7.8,1
518,paid,True,54,12.1,1
519,organic,True,17,16.5,1
520,referral,False,25,21.9,1
521,referral,True,81,2.3,1
522,organic,False,37,16.4,1
523,organic,True,3,3.0,0
524,paid,True,18,9.6,1
525,organic,True,28,24.7,1
526,organic,True,83,10.8,1
527,partner,True,25,7.7,1
528,partner,True,2,2.0,0
529,referral,False,43,6.2,1
530,organic,True,7,7.0,0
531,paid,True,23,9.1,1
532,paid,True,83,7.7,1
533,organic,True,59,2.5,1
534,paid,True,4,4.0,0
535,organic,False,37,6.4,1
536,organic,False,14,14.0,0
537,paid,True,10,4.2,1
538,organic,False,49,30.0,0
539,organic,True,42,8.3,1
540,referral,True,62,14.7,1
541,partner,False,74,1.5,1
542,paid,True,20,2.2,1
543,referral,False,77,13.4,1
544,partner,True,43,7.5,1
545,organic,True,21,10.4,1
546,organic,True,71,17.3,1
547,organic,True,2,2.0,0
548,organic,False,46,14.1,1
549,referral,True,60,7.0,1
550,organic,False,23,23.0,0
551,paid,False,72,5.1,1
552,organic,False,20,20.0,0
553,organic,True,70,9.8,1
554,partner,True,6,6.0,0
555,organic,True,13,13.0,0
556,organic,False,32,30.0,0
557,organic,True,71,15.1,1
558,paid,False,12,12.0,0
559,paid,False,73,15.8,1
560,paid,True,19,7.1,1
561,organic,False,38,14.9,1
562,organic,True,29,21.8,1
563,referral,False,9,9.0,0
564,paid,True,79,7.9,1
565,paid,False,36,12.4,1
566,paid,False,57,14.9,1
567,referral,False,48,18.1,1
568,organic,True,42,6.3,1
569,organic,False,51,30.0,0
570,paid,True,75,7.8,1
571,organic,False,58,30.0,0
572,referral,True,44,5.6,1
573,paid,True,54,11.1,1
574,referral,True,50,4.9,1
575,referral,True,36,16.4,1
576,paid,True,52,8.9,1
577,partner,False,37,23.1,1
578,paid,True,63,7.0,1
579,referral,False,81,22.8,1
580,organic,True,80,25.6,1
581,paid,False,68,10.9,1
582,paid,False,50,10.1,0
583,organic,True,62,18.7,1
584,organic,False,14,10.0,1
585,partner,False,40,6.7,1
586,paid,False,21,7.2,1
587,organic,True,0,0.0,0
588,organic,True,81,11.7,1
589,organic,False,72,11.8,1
590,organic,True,43,22.0,1
591,partner,False,21,8.5,1
592,organic,True,58,24.0,1
593,organic,False,36,6.6,1
594,paid,True,67,7.7,1
595,organic,True,83,12.4,1
596,organic,False,29,20.9,1
597,paid,False,20,20.0,0
598,paid,False,22,20.7,1
599,partner,False,7,7.0,0
600,paid,True,33,9.2,1
601,paid,True,1,1.0,0
602,referral,True,9,9.0,0
603,partner,True,22,5.5,1
604,paid,True,13,11.6,1
605,partner,False,61,21.5,1
606,referral,True,8,1.8,1
607,referral,True,72,7.3,1
608,organic,True,18,11.7,1
609,paid,True,9,1.3,1
610,organic,True,0,0.0,0
611,paid,False,60,4.1,1
612,paid,True,21,6.8,1
613,partner,False,42,10.4,1
614,partner,False,9,9.0,0
615,organic,False,82,19.7,0
616,paid,False,10,10.0,0
617,paid,True,34,28.0,1
618,organic,True,71,25.7,1
619,organic,True,20,10.4,1
620,organic,False,22,13.3,1
621,referral,False,67,20.7,1
622,paid,True,22,6.3,1
623,partner,True,0,0.0,0
624,paid,False,35,10.2,1
625,partner,False,1,1.0,0
626,organic,False,76,14.1,1
627,referral,False,53,18.7,1
628,organic,False,48,25.3,1
629,paid,False,16,3.9,1
630,referral,True,58,5.5,1
631,partner,True,56,4.3,1
632,referral,False,5,2.2,1
633,organic,False,73,30.0,0
634,organic,True,48,16.1,1
635,organic,False,66,15.8,1
636,organic,True,22,22.0,0
637,paid,False,10,10.0,0
638,paid,True,59,5.1,1
639,referral,False,66,10.1,1
640,referral,True,32,10.0,1
641,paid,True,1,1.0,0
642,referral,True,68,12.9,1
643,organic,False,17,7.4,1
644,organic,True,28,23.8,1
645,paid,True,52,4.1,1
646,referral,False,8,8.0,0
647,organic,True,6,6.0,0
648,paid,True,2,2.0,0
649,paid,True,76,15.6,1
650,organic,False,26,21.8,1
651,organic,True,55,5.5,1
652,referral,True,83,3.9,1
653,paid,True,56,16.7,1
654,organic,True,44,9.0,1
655,referral,True,43,3.2,1
656,organic,True,31,6.1,1
657,referral,True,50,8.2,1
658,organic,True,80,27.8,1
659,paid,False,66,4.6,1
660,organic,True,35,14.4,1
661,organic,True,27,15.2,1
662,referral,False,74,7.3,1
663,organic,False,11,11.0,0
664,organic,False,71,9.7,1
665,organic,True,21,21.0,0
666,paid,True,60,6.1,1
667,referral,True,67,1.4,1
668,partner,True,40,0.5,1
669,organic,True,16,3.7,1
670,organic,False,70,8.3,1
671,organic,True,30,17.2,1
672,paid,False,26,3.1,1
673,partner,True,42,2.3,1
674,paid,True,36,9.3,1
675,paid,False,57,19.0,1
676,organic,False,11,9.0,0
677,partner,True,36,6.7,1
678,paid,False,74,11.3,1
679,organic,True,3,3.0,0
680,organic,True,38,14.2,1
681,organic,False,55,18.0,1
682,organic,True,74,30.0,0
683,organic,True,49,2.6,1
684,paid,True,69,13.5,1
685,paid,True,18,17.4,1
686,organic,True,29,29.0,0
687,organic,True,79,5.3,1
688,partner,False,74,5.5,1
689,referral,False,46,24.1,1
690,paid,True,39,17.1,1
691,organic,True,37,13.3,1
692,referral,False,4,4.0,0
693,organic,True,74,7.8,1
694,organic,True,68,26.8,1
695,partner,False,38,12.0,1
696,paid,True,23,11.7,1
697,paid,True,28,10.3,1
698,paid,True,10,10.0,0
699,paid,True,60,17.0,1
700,organic,True,46,18.9,1
701,organic,False,19,19.0,0
702,organic,True,52,23.0,1
703,organic,False,82,3.0,1
704,referral,False,10,10.0,0
705,organic,True,38,16.5,1
706,paid,True,41,17.9,1
707,referral,True,14,4.4,1
708,referral,False,44,3.7,1
709,organic,True,50,6.7,1
710,paid,False,13,13.0,0
711,partner,False,12,6.7,1
712,paid,False,71,18.9,1
713,referral,False,26,5.3,1
714,partner,False,52,7.0,1
715,referral,False,52,19.5,0
716,organic,False,70,20.8,1
717,paid,False,62,23.4,1
718,organic,False,70,30.0,0
719,paid,False,52,7.4,1
720,partner,True,37,23.0,1
721,paid,False,33,10.5,1
722,organic,True,31,1.3,1
723,organic,False,35,21.0,1
724,partner,True,10,9.6,1
725,organic,False,35,17.0,1
726,organic,False,32,10.7,1
727,organic,False,2,2.0,0
728,organic,True,23,18.0,1
729,paid,False,63,13.6,1
730,paid,False,48,4.3,1
731,organic,False,67,27.8,1
732,organic,False,45,24.7,1
733,organic,False,71,1.5,1
734,organic,False,66,30.0,0
735,organic,True,8,8.0,0
736,paid,False,82,14.0,1
737,organic,True,1,1.0,0
738,organic,False,50,30.0,0
739,organic,False,66,16.5,1
740,organic,True,27,9.2,1
741,organic,True,50,12.0,1
742,organic,True,30,14.6,1
743,referral,False,5,5.0,0
744,organic,True,0,0.0,0
745,paid,True,7,5.2,1
746,paid,False,8,8.0,0
747,organic,True,51,9.1,1
748,organic,False,44,7.4,1
749,referral,True,38,3.4,1
750,referral,True,58,13.3,1
751,organic,True,1,1.0,0
752,organic,True,22,4.5,1
753,organic,True,65,16.1,1
754,paid,False,76,17.9,0
755,paid,True,36,8.2,1
756,organic,True,6,6.0,0
757,organic,True,67,7.5,1
758,partner,True,74,7.5,1
759,organic,False,34,30.0,0
760,paid,True,20,14.5,1
761,paid,False,3,3.0,0
762,organic,True,49,29.0,1
763,organic,True,76,7.8,1
764,organic,True,56,16.8,1
765,partner,True,26,8.4,1
766,organic,False,54,19.4,1
767,organic,True,69,18.0,1
768,organic,True,39,9.4,1
769,organic,False,68,14.3,1
770,paid,False,32,22.3,0
771,organic,False,29,24.8,1
772,paid,False,48,10.2,1
773,paid,False,39,10.7,1
774,referral,False,82,11.4,1
775,organic,False,43,11.6,1
776,referral,True,32,14.0,1
777,paid,False,33,30.0,0
778,organic,True,46,9.3,1
779,referral,False,29,8.6,1
780,referral,False,60,6.2,1
781,organic,True,31,20.2,1
782,partner,False,32,12.7,1
783,paid,False,51,12.3,1
784,paid,True,5,5.0,0
785,partner,True,55,7.6,1
786,organic,False,42,16.0,1
787,referral,False,38,19.1,1
788,organic,True,60,14.8,1
789,referral,True,63,11.4,1
790,paid,False,71,5.6,1
791,organic,True,31,18.4,1
792,organic,True,27,22.7,1
793,organic,True,60,29.4,1
794,organic,True,48,28.1,1
795,organic,False,53,14.4,0
796,organic,False,46,17.0,1
797,organic,False,64,30.0,0
798,organic,False,15,15.0,0
799,paid,True,46,21.4,1
800,paid,True,13,11.4,1
801,paid,True,34,22.2,1
802,organic,True,55,10.2,1
803,referral,True,41,5.2,1
804,paid,True,31,6.3,1
805,organic,True,74,18.8,1
806,organic,True,64,5.1,1
807,paid,False,44,11.5,1
808,organic,False,79,30.0,0
809,paid,False,35,17.9,1
810,partner,False,66,7.6,1
811,organic,False,14,14.0,0
812,organic,True,24,14.7,1
813,partner,False,28,10.4,1
814,paid,True,8,8.0,0
815,organic,True,42,2.3,1
816,referral,True,16,12.3,1
817,referral,True,53,18.4,1
818,paid,True,15,15.0,0
819,paid,False,10,10.0,0
820,organic,False,81,7.8,1
821,organic,False,55,10.2,1
822,paid,False,78,5.3,1
823,organic,True,41,11.6,1
824,paid,True,2,2.0,0
825,referral,False,48,14.6,1
826,organic,True,46,28.0,1
827,paid,True,1,1.0,0
828,organic,True,72,12.3,1
829,referral,False,52,13.1,1
830,organic,False,62,19.9,1
831,paid,True,41,5.3,1
832,paid,False,51,25.0,1
833,organic,True,21,8.3,1
834,paid,True,81,6.6,1
835,paid,True,33,4.4,1
836,paid,True,13,13.0,0
837,referral,False,4,4.0,0
838,partner,True,53,8.2,1
839,organic,False,82,9.1,1
840,paid,True,75,1.9,1
841,organic,False,58,17.4,1
842,referral,False,83,19.1,1
843,paid,False,60,26.8,1
844,organic,False,28,16.0,1
845,organic,False,50,27.3,0
846,referral,True,6,6.0,0
847,organic,False,18,9.7,1
848,paid,False,35,19.3,1
849,organic,True,16,14.8,1
850,partner,True,80,18.7,1
851,organic,True,83,17.9,1
852,organic,True,31,8.5,1
853,referral,True,59,9.1,1
854,partner,True,34,13.5,1
855,organic,False,11,11.0,0
856,paid,True,28,19.3,1
857,paid,False,19,12.3,1
858,referral,True,27,6.1,1
859,organic,False,18,18.0,0
860,paid,True,9,9.0,0
861,paid,True,18,17.0,1
862,paid,True,76,9.8,1
863,referral,False,7,7.0,0
864,paid,True,27,2.9,1
865,organic,False,44,30.0,0
866,partner,True,29,8.8,1
867,referral,False,43,30.0,0
868,referral,True,3,3.0,0
869,organic,False,54,14.5,0
870,organic,True,47,3.6,1
871,paid,True,57,22.6,1
872,organic,True,47,6.1,1
873,partner,True,36,5.9,1
874,organic,True,29,18.0,1
875,paid,False,19,19.0,0
876,referral,True,42,9.1,1
877,organic,True,2,2.0,0
878,organic,False,27,8.7,1
879,paid,True,56,16.3,1
880,paid,True,9,9.0,0
881,organic,False,5,5.0,0
882,paid,False,54,30.0,0
883,partner,False,33,10.1,1
884,paid,True,67,12.4,1
885,organic,False,78,30.0,0
886,organic,True,80,5.1,1
887,organic,False,35,12.6,1
888,organic,False,22,11.7,1
889,organic,False,51,30.0,0
890,paid,True,52,3.1,1
891,organic,True,52,10.8,1
892,partner,False,27,13.0,1
893,organic,True,5,5.0,0
894,organic,True,17,4.4,1
895,referral,False,12,11.4,1
896,referral,False,10,6.0,1
897,organic,True,77,9.3,1
898,organic,True,1,1.0,0
899,organic,True,50,8.6,1
900,paid,True,79,3.0,1
901,paid,True,30,15.0,1
902,organic,False,44,30.0,0
903,organic,False,58,13.7,1
904,paid,True,26,9.8,1
905,partner,True,40,6.6,1
906,paid,False,68,11.1,1
907,paid,False,62,15.1,1
908,organic,False,67,11.3,1
909,organic,True,82,16.2,1
910,organic,False,31,8.8,1
911,referral,True,62,14.0,1
912,referral,True,50,5.8,1
913,partner,False,55,4.8,1
914,partner,True,62,11.5,1
915,partner,True,62,10.2,1
916,partner,True,74,10.6,1
917,organic,True,29,11.0,1
918,organic,True,54,14.0,1
919,organic,False,23,23.0,0
920,paid,True,49,3.6,1
921,organic,True,63,19.4,1
922,referral,False,66,11.6,1
923,paid,True,35,8.3,1
924,paid,False,42,19.8,0
925,organic,True,28,24.1,1
926,organic,False,14,3.5,1
927,organic,True,21,9.1,1
928,referral,False,76,29.6,1
929,paid,True,25,5.3,1
930,paid,False,81,16.1,1
931,organic,True,20,20.0,0
932,organic,False,60,14.7,1
933,organic,True,48,12.2,1
934,referral,True,58,11.6,1
935,referral,True,54,2.9,1
936,organic,True,59,16.9,1
937,partner,True,76,10.9,1
938,organic,False,47,28.9,1
939,referral,True,5,4.3,1
940,organic,True,22,8.3,1
941,organic,True,59,4.2,1
942,referral,True,41,11.2,1
943,organic,True,46,6.8,1
944,organic,False,50,18.1,1
945,organic,True,32,16.4,1
946,organic,False,65,30.0,0
947,paid,True,60,4.9,1
948,referral,True,60,10.9,1
949,referral,False,60,9.7,1
950,organic,True,74,11.3,1
951,paid,True,50,30.0,0
952,organic,False,81,1.4,1
953,organic,False,10,10.0,0
954,organic,False,53,20.8,1
955,partner,True,60,5.7,1
956,referral,False,40,12.7,1
957,referral,False,24,7.6,1
958,paid,False,46,29.5,1
959,paid,True,30,10.6,1
960,paid,True,76,12.6,1
961,paid,True,29,10.4,1
962,organic,True,14,13.2,1
963,organic,False,48,30.0,0
964,organic,True,33,1.9,1
965,partner,True,8,8.0,0
966,paid,True,47,28.0,1
967,partner,True,45,9.5,1
968,organic,True,14,9.9,1
969,paid,True,50,16.2,1
970,organic,True,47,11.6,1
971,organic,False,64,13.4,1
972,organic,True,30,24.2,1
973,organic,True,20,1.5,1
974,partner,True,79,10.1,1
975,organic,True,47,9.5,1
976,paid,True,2,2.0,0
977,paid,True,68,6.6,1
978,organic,True,16,5.7,1
979,paid,True,66,18.8,1
980,organic,False,59,30.0,0
981,partner,True,81,11.0,1
982,referral,True,81,20.6,1
983,paid,False,23,1.9,1
984,paid,True,64,8.3,1
985,organic,True,26,10.2,1
986,partner,True,52,1.6,1
987,organic,True,50,5.9,1
988,organic,True,4,4.0,0
989,organic,False,0,0.0,0
990,referral,False,4,4.0,0
991,paid,False,10,10.0,0
992,referral,True,21,9.3,1
993,referral,True,76,9.0,1
994,organic,True,43,21.8,1
995,partner,True,66,9.8,1
996,organic,True,70,13.3,1
997,paid,True,61,13.1,1
998,organic,True,32,20.8,1
999,partner,True,72,9.5,1
1000,organic,True,62,12.6,1
1001,organic,False,62,13.4,1
1002,paid,True,75,6.6,1
1003,organic,False,50,30.0,0
1004,organic,True,44,29.1,1
1005,paid,True,74,13.2,1
1006,organic,True,38,21.1,1
1007,partner,True,68,9.2,1
1008,organic,True,4,1.7,1
1009,paid,True,0,0.0,0
1010,paid,False,44,21.5,1
1011,paid,True,6,6.0,0
1012,paid,True,82,9.6,1
1013,paid,False,0,0.0,0
1014,partner,True,60,13.4,1
1015,organic,False,20,5.6,1
1016,organic,True,81,23.7,1
1017,paid,True,32,7.7,1
1018,referral,True,2,2.0,0
1019,organic,True,2,2.0,0
1020,organic,False,46,13.3,1
1021,referral,True,82,12.4,1
1022,paid,True,82,13.6,1
1023,partner,True,28,10.5,1
1024,paid,False,40,0.9,1
1025,paid,False,8,8.0,0
1026,organic,False,43,28.9,0
1027,partner,False,50,3.9,1
1028,organic,False,21,21.0,0
1029,paid,True,51,3.8,1
1030,organic,False,75,15.6,1
1031,paid,True,0,0.0,0
1032,paid,True,19,6.0,1
1033,paid,False,17,10.6,1
1034,partner,True,10,10.0,0
1035,organic,True,13,0.2,1
1036,paid,True,52,2.5,1
1037,organic,True,8,4.4,1
1038,organic,False,62,16.5,1
1039,organic,True,74,11.8,1
1040,organic,False,77,19.2,1
1041,organic,True,55,30.0,0
1042,paid,False,16,16.0,0
1043,paid,True,7,7.0,0
1044,paid,False,19,12.3,1
1045,organic,True,80,15.8,1
1046,organic,True,80,12.8,1
1047,organic,True,32,9.7,1
1048,referral,True,27,8.2,1
1049,referral,True,42,1.5,1
1050,organic,False,24,13.9,1
1051,paid,False,82,22.2,0
1052,organic,False,18,18.0,0
1053,organic,True,31,8.6,1
1054,organic,True,36,14.0,1
1055,organic,False,10,9.5,1
1056,paid,False,32,27.3,1
1057,partner,True,71,21.5,1
1058,organic,False,11,11.0,0
1059,paid,True,49,6.2,1
1060,paid,False,34,2.8,1
1061,partner,False,14,5.0,1
1062,paid,False,1,1.0,0
1063,organic,True,22,6.3,1
1064,paid,False,5,5.0,0
1065,organic,True,31,10.8,1
1066,partner,False,68,3.9,1
1067,organic,True,60,14.4,1
1068,paid,False,79,3.4,1
1069,organic,False,35,11.8,0
1070,organic,True,59,23.5,1
1071,referral,True,55,7.1,1
1072,paid,False,18,5.5,1
1073,organic,True,25,16.3,1
1074,partner,True,44,4.2,1
1075,referral,True,66,12.4,1
1076,organic,True,38,7.6,1
1077,paid,False,19,14.9,1
1078,paid,False,83,27.2,1
1079,paid,True,9,6.5,1
1080,organic,True,80,8.2,1
1081,organic,True,67,11.9,1
1082,partner,True,70,12.0,1
1083,partner,False,66,23.7,1
1084,referral,True,17,1.6,1
1085,partner,True,53,5.9,1
1086,paid,False,63,8.4,1
1087,referral,True,62,5.1,1
1088,referral,False,22,5.9,1
1089,paid,True,15,15.0,0
1090,paid,True,27,9.8,1
1091,organic,True,40,9.1,1
1092,paid,False,48,30.0,0
1093,organic,False,70,30.0,0
1094,organic,True,64,9.7,1
1095,paid,True,56,4.0,1
1096,organic,True,22,9.2,1
1097,organic,False,40,14.4,0
1098,referral,False,28,2.1,1
1099,referral,False,19,19.0,0
1100,organic,False,0,0.0,0
1101,organic,True,28,1.9,1
1102,organic,False,21,11.8,1
1103,referral,False,48,3.3,1
1104,referral,True,5,3.8,1
1105,organic,False,22,15.6,1
1106,referral,True,3,3.0,0
1107,organic,False,53,26.6,1
1108,organic,False,47,4.9,1
1109,partner,False,28,5.6,1
1110,organic,True,12,12.0,0
1111,organic,True,80,14.9,1
1112,organic,False,49,27.8,1
1113,paid,False,57,21.3,1
1114,partner,True,44,3.3,1
1115,partner,False,67,5.6,0
1116,organic,True,75,13.5,1
1117,organic,False,32,5.2,1
1118,referral,False,57,11.4,1
1119,organic,True,19,13.2,1
1120,referral,True,54,9.8,1
1121,paid,False,33,12.1,0
1122,organic,False,0,0.0,0
1123,referral,False,80,24.4,1
1124,organic,True,72,22.4,1
1125,organic,False,24,24.0,0
1126,paid,True,83,13.3,1
1127,paid,True,26,26.0,0
1128,paid,True,38,2.3,1
1129,paid,False,71,30.0,0
1130,partner,False,25,15.6,1
1131,partner,False,37,5.1,1
1132,paid,False,55,30.0,0
1133,organic,True,10,10.0,0
1134,paid,True,35,4.5,1
1135,partner,True,25,7.1,1
1136,organic,True,56,19.2,1
1137,paid,True,11,6.2,1
1138,organic,False,19,14.7,1
1139,organic,False,59,25.2,1
1140,paid,False,13,13.0,0
1141,organic,True,35,30.0,0
1142,referral,True,59,3.6,1
1143,referral,True,64,9.7,1
1144,referral,True,7,7.0,0
1145,organic,True,71,11.9,1
1146,organic,True,60,3.8,1
1147,paid,True,28,28.0,0
1148,referral,False,64,27.0,1
1149,paid,True,61,11.1,1
1150,referral,True,50,5.3,1
1151,organic,True,46,12.7,1
1152,referral,True,61,2.6,1
1153,organic,True,83,28.2,1
1154,organic,True,48,15.6,1
1155,paid,False,67,20.5,1
1156,organic,True,62,15.6,1
1157,organic,False,71,20.8,1
1158,organic,True,80,6.7,1
1159,organic,True,16,16.0,0
1160,referral,True,13,4.6,1
1161,organic,True,49,21.6,1
1162,paid,True,37,8.9,1
1163,referral,False,47,14.8,1
1164,organic,True,67,11.5,1
1165,organic,False,78,30.0,0
1166,referral,True,35,1.7,1
1167,referral,True,60,2.5,1
1168,paid,True,16,4.8,1
1169,referral,True,44,2.7,1
1170,organic,True,1,1.0,0
1171,organic,False,42,20.3,1
1172,paid,False,45,21.6,1
1173,organic,False,61,7.7,1
1174,referral,True,54,11.9,1
1175,paid,False,30,25.2,1
1176,referral,False,0,0.0,0
1177,paid,False,9,9.0,0
1178,organic,False,81,13.1,1
1179,organic,False,77,29.1,1
1180,organic,False,27,15.3,1
1181,referral,False,21,4.9,1
1182,organic,True,36,10.1,1
1183,organic,False,57,16.3,0
1184,organic,True,29,27.7,1
1185,organic,False,5,5.0,0
1186,referral,False,33,24.5,1
1187,organic,True,21,10.7,1
1188,partner,True,27,9.9,1
1189,organic,True,13,13.0,0
1190,paid,True,55,15.1,1
1191,organic,True,44,2.9,1
1192,organic,False,22,22.0,0
1193,referral,False,46,16.5,1
1194,partner,False,41,13.7,1
1195,referral,True,66,28.0,1
1196,organic,True,80,3.7,1
1197,organic,True,10,10.0,0
1198,paid,False,74,11.7,1
1199,organic,True,59,9.8,1
1200,paid,True,58,5.1,1
1201,paid,True,31,7.5,1
1202,paid,False,28,9.5,1
1203,referral,True,0,0.0,0
1204,paid,False,82,16.6,1
1205,organic,False,50,14.0,1
1206,organic,False,33,18.2,1
1207,paid,True,45,9.6,1
1208,paid,True,3,3.0,0
1209,organic,True,14,14.0,0
1210,organic,True,52,15.2,1
1211,referral,False,43,30.0,0
1212,referral,True,66,8.4,1
1213,paid,True,55,30.0,0
1214,organic,True,50,11.0,1
1215,organic,False,68,14.0,1
1216,paid,True,5,5.0,0
1217,organic,False,58,14.3,1
1218,paid,True,60,30.0,0
1219,paid,False,23,23.0,0
1220,organic,False,16,14.1,1
1221,organic,True,17,6.5,1
1222,organic,True,16,8.1,1
1223,referral,True,43,5.5,1
1224,paid,True,11,6.7,1
1225,organic,True,55,7.7,1
1226,referral,False,8,8.0,1
1227,paid,False,2,2.0,0
1228,paid,True,26,20.4,1
1229,partner,False,16,16.0,0
1230,organic,True,83,15.2,1
1231,organic,False,25,19.5,1
1232,paid,True,18,5.8,1
1233,organic,False,16,16.0,0
1234,paid,False,31,23.0,1
1235,organic,True,50,6.9,1
1236,organic,True,65,18.0,1
1237,organic,True,30,6.1,1
1238,organic,False,52,30.0,0
1239,organic,True,40,15.2,1
1240,organic,False,71,23.8,1
1241,referral,False,47,16.6,1
1242,organic,False,24,24.0,0
1243,organic,True,59,18.4,1
1244,organic,True,68,15.7,1
1245,organic,False,39,27.1,1
1246,organic,True,82,6.8,1
1247,paid,False,73,30.0,0
1248,organic,True,16,14.5,1
1249,referral,True,66,17.4,1
1250,partner,False,50,3.7,1
1251,organic,True,44,6.7,1
1252,organic,True,43,1.6,1
1253,organic,True,71,4.0,1
1254,paid,True,51,13.0,1
1255,organic,False,45,14.4,1
1256,referral,True,4,4.0,0
1257,referral,True,37,2.8,1
1258,referral,True,76,8.4,1
1259,paid,False,59,19.8,1
1260,partner,True,4,2.5,1
1261,organic,False,74,9.6,1
1262,organic,False,69,3.8,1
1263,organic,True,45,26.1,1
1264,partner,False,1,1.0,0
1265,paid,False,47,22.1,1
1266,referral,True,4,4.0,0
1267,organic,True,26,12.8,1
1268,partner,False,52,18.0,1
1269,paid,False,76,8.9,1
1270,paid,False,30,25.0,1
1271,partner,False,72,9.1,1
1272,organic,True,77,5.4,1
1273,organic,False,1,1.0,0
1274,paid,False,20,20.0,0
1275,organic,True,59,20.0,1
1276,organic,True,63,22.1,1
1277,organic,True,32,7.6,1
1278,organic,False,55,21.4,1
1279,referral,True,51,16.8,1
1280,paid,False,62,2.0,1
1281,organic,True,60,9.0,1
1282,organic,True,7,5.6,1
1283,organic,False,13,13.0,0
1284,paid,True,11,2.2,1
1285,partner,False,78,20.9,1
1286,partner,True,76,12.8,1
1287,organic,False,66,7.6,1
1288,organic,True,9,4.5,1
1289,paid,False,48,16.3,1
1290,paid,False,15,15.0,0
1291,paid,True,30,13.2,1
1292,paid,True,22,5.9,1
1293,paid,True,69,4.4,1
1294,organic,False,12,12.0,0
1295,organic,False,54,15.3,0
1296,organic,True,82,9.1,1
1297,organic,True,57,7.7,1
1298,organic,False,6,6.0,0
1299,paid,True,76,8.5,1
1300,organic,False,54,2.2,1
1301,organic,True,38,18.1,1
1302,paid,False,55,14.4,1
1303,referral,False,73,10.1,1
1304,organic,True,40,11.3,1
1305,referral,True,44,3.0,1
1306,partner,True,38,6.6,1
1307,paid,False,6,6.0,0
1308,paid,True,66,18.1,1
1309,organic,False,10,10.0,0
1310,partner,False,33,23.7,1
1311,organic,True,32,30.0,0
1312,partner,False,23,13.3,1
1313,paid,True,33,8.7,1
1314,organic,False,51,0.5,1
1315,organic,True,26,8.2,1
1316,paid,False,14,7.3,1
1317,paid,False,73,20.7,1
1318,organic,False,81,20.1,1
1319,paid,False,38,2.6,1
1320,referral,True,27,8.3,1
1321,paid,False,3,3.0,0
1322,paid,False,3,3.0,0
1323,organic,False,33,30.0,0
1324,referral,True,78,6.4,1
1325,organic,True,61,18.9,1
1326,referral,False,29,29.0,0
1327,organic,True,81,18.4,1
1328,paid,False,36,26.4,1
1329,organic,False,23,23.0,0
1330,organic,False,35,7.6,1
1331,referral,True,17,8.7,1
1332,paid,False,74,7.4,1
1333,paid,True,30,8.9,1
1334,partner,True,55,23.2,1
1335,partner,False,32,21.3,1
1336,referral,True,75,2.1,1
1337,organic,True,53,10.3,1
1338,paid,True,41,2.8,1
1339,referral,True,11,9.8,1
1340,organic,False,75,13.6,1
1341,organic,True,45,7.1,1
1342,referral,True,23,1.1,1
1343,paid,False,73,12.7,0
1344,paid,True,4,2.2,1
1345,partner,False,26,15.4,1
1346,paid,False,45,7.6,1
1347,organic,False,28,19.0,1
1348,organic,False,40,18.3,1
1349,organic,True,22,15.2,1
1350,organic,False,10,9.9,1
1351,referral,True,3,3.0,0
1352,referral,True,13,7.4,1
1353,organic,False,80,18.5,1
1354,organic,True,48,7.7,1
1355,referral,False,41,12.8,1
1356,organic,False,32,14.7,1
1357,paid,False,59,16.7,1
1358,paid,True,11,7.4,1
1359,paid,True,23,7.2,1
1360,organic,False,55,13.8,1
1361,paid,True,40,4.8,1
1362,organic,True,64,11.4,1
1363,paid,False,75,26.4,1
1364,organic,False,69,14.7,1
1365,paid,False,15,15.0,0
1366,paid,True,7,7.0,0
1367,organic,True,14,6.7,1
1368,organic,False,65,22.6,1
1369,organic,True,76,12.3,1
1370,organic,True,77,1.3,1
1371,organic,True,25,18.4,1
1372,partner,True,70,20.5,1
1373,organic,True,45,23.2,1
1374,referral,True,69,10.9,1
1375,partner,False,46,8.5,1
1376,organic,True,12,7.0,1
1377,paid,False,6,6.0,0
1378,referral,True,80,10.7,1
1379,paid,False,35,15.8,1
1380,organic,True,29,29.0,0
1381,organic,True,29,8.8,1
1382,organic,True,31,10.1,1
1383,paid,True,79,25.3,1
1384,partner,True,5,3.9,1
1385,partner,False,10,7.7,1
1386,organic,False,66,27.4,1
1387,paid,True,46,7.7,1
1388,organic,True,10,10.0,0
1389,partner,False,2,2.0,0
1390,organic,False,18,18.0,0
1391,partner,True,21,5.6,1
1392,referral,False,1,1.0,0
1393,organic,True,18,10.8,1
1394,organic,False,62,18.2,1
1395,referral,True,71,5.7,1
1396,organic,True,75,13.4,1
1397,paid,True,32,21.7,1
1398,partner,False,26,15.3,1
1399,paid,True,83,3.4,1
1400,organic,False,64,10.7,1
1401,organic,False,45,5.9,1
1402,organic,False,21,21.0,0
1403,partner,True,26,7.8,1
1404,organic,True,43,10.6,1
1405,organic,True,45,19.2,1
1406,organic,False,1,1.0,0
1407,partner,False,80,7.3,1
1408,organic,True,48,9.0,1
1409,referral,False,49,9.4,1
1410,paid,True,17,14.0,1
1411,referral,True,64,7.3,1
1412,partner,True,61,20.1,1
1413,referral,False,7,7.0,0
1414,partner,True,49,7.6,1
1415,organic,True,55,16.4,1
1416,referral,False,70,2.3,1
1417,paid,True,17,10.2,1
1418,paid,True,73,19.9,1
1419,referral,True,38,19.5,1
1420,partner,True,8,5.1,1
1421,paid,True,8,8.0,0
1422,paid,True,16,16.0,1
1423,paid,False,23,18.4,1
1424,organic,True,41,17.6,1
1425,organic,False,62,16.7,1
1426,organic,True,15,12.5,1
1427,organic,True,83,23.2,1
1428,organic,True,13,6.8,1
1429,referral,True,50,8.2,1
1430,organic,True,78,10.1,1
1431,partner,True,69,24.8,1
1432,paid,False,54,13.1,1
1433,organic,False,60,28.5,1
1434,organic,True,11,11.0,0
1435,organic,False,0,0.0,0
1436,partner,False,36,0.7,1
1437,organic,False,7,7.0,0
1438,paid,True,30,3.2,1
1439,partner,True,18,2.5,1
1440,partner,True,76,8.9,1
1441,organic,True,73,16.5,1
1442,organic,True,68,14.7,1
1443,organic,False,59,2.0,1
1444,organic,False,12,12.0,0
1445,organic,True,4,4.0,0
1446,paid,True,54,23.4,1
1447,partner,True,53,3.5,1
1448,paid,True,31,19.9,1
1449,paid,False,39,30.0,0
1450,organic,True,41,17.3,1
1451,referral,False,20,12.7,1
1452,paid,False,26,5.9,1
1453,referral,False,35,6.7,1
1454,partner,False,50,20.9,1
1455,organic,True,80,14.9,1
1456,organic,True,45,6.9,1
1457,organic,True,61,11.7,1
1458,organic,False,67,30.0,0
1459,partner,True,9,9.0,0
1460,organic,False,54,16.4,1
1461,referral,True,40,1.2,1
1462,paid,True,48,7.3,1
1463,organic,True,3,3.0,0
1464,organic,False,76,13.9,1
1465,paid,True,80,14.4,1
1466,paid,True,0,0.0,0
1467,organic,True,17,14.6,1
1468,organic,False,15,15.0,0
1469,paid,False,65,17.2,1
1470,organic,True,50,17.8,1
1471,partner,False,14,14.0,0
1472,organic,True,68,10.8,1
1473,organic,False,29,11.9,1
1474,paid,True,38,4.6,1
1475,paid,True,32,11.5,1
1476,paid,False,43,30.0,0
1477,organic,True,40,12.6,1
1478,partner,True,23,8.7,1
1479,paid,False,35,26.2,1
1480,paid,False,76,5.9,1
1481,organic,True,42,2.0,1
1482,organic,False,76,24.8,0
1483,paid,False,46,8.8,1
1484,organic,True,64,9.5,1
1485,paid,False,24,23.5,1
1486,organic,True,66,9.7,1
1487,partner,False,22,22.0,0
1488,paid,True,1,1.0,0
1489,referral,True,13,0.6,1
1490,paid,True,1,1.0,0
1491,organic,True,79,17.9,1
1492,referral,False,83,13.2,1
1493,paid,False,64,3.8,1
1494,referral,True,9,8.1,1
1495,organic,True,75,4.3,1
1496,paid,True,62,4.0,1
1497,referral,True,27,9.3,1
1498,paid,True,42,6.8,1
1499,organic,False,55,15.3,1
1500,paid,False,2,2.0,0
1501,paid,True,42,12.0,1
1502,partner,True,61,17.5,1
1503,organic,False,15,15.0,0
1504,organic,True,37,10.0,1
1505,referral,True,44,4.2,1
1506,paid,True,61,5.9,1
1507,paid,True,81,8.5,1
1508,paid,True,71,19.8,1
1509,organic,False,52,30.0,0
1510,paid,True,49,5.5,1
1511,organic,False,50,18.8,1
1512,organic,True,45,6.9,1
1513,paid,False,4,4.0,0
1514,paid,True,58,11.3,1
1515,referral,True,60,2.3,1
1516,organic,True,43,20.6,1
1517,organic,True,73,26.5,1
1518,partner,True,56,6.0,1
1519,organic,False,30,17.4,1
1520,organic,True,1,1.0,0
1521,organic,True,4,4.0,0
1522,paid,True,29,6.0,1
1523,referral,False,38,30.0,0
1524,referral,False,14,12.6,1
1525,paid,False,15,5.9,1
1526,organic,False,19,19.0,0
1527,organic,False,65,4.1,1
1528,paid,False,64,12.5,1
1529,organic,True,32,23.3,1
1530,organic,False,14,14.0,0
1531,organic,False,9,9.0,0
1532,organic,True,7,7.0,0
1533,paid,False,32,20.7,1
1534,paid,True,3,3.0,0
1535,organic,True,28,21.1,1
1536,paid,True,80,12.4,1
1537,referral,False,42,8.6,1
1538,paid,False,69,9.3,1
1539,referral,True,10,7.1,1
1540,organic,True,22,2.6,1
1541,referral,True,79,2.2,1
1542,organic,True,32,12.8,1
1543,organic,False,54,13.2,0
1544,organic,True,81,7.1,1
1545,paid,True,46,14.5,1
1546,organic,True,25,5.6,1
1547,organic,False,44,17.6,1
1548,referral,True,4,4.0,0
1549,organic,False,9,9.0,0
1550,organic,True,0,0.0,0
1551,organic,True,74,3.6,1
1552,organic,False,56,30.0,0
1553,organic,True,25,3.5,1
1554,organic,False,18,18.0,0
1555,organic,True,57,7.1,1
1556,referral,False,77,3.8,1
1557,partner,False,25,15.4,1
1558,paid,False,27,27.0,0
1559,paid,True,71,5.1,1
1560,referral,False,75,5.6,1
1561,partner,False,76,16.8,1
1562,paid,True,24,9.5,1
1563,referral,True,10,3.8,1
1564,partner,False,36,21.1,1
1565,referral,True,24,5.9,1
1566,paid,False,74,18.2,1
1567,organic,False,3,3.0,0
1568,organic,True,53,5.9,1
1569,paid,False,76,21.4,1
1570,paid,False,82,4.5,1
1571,organic,True,54,10.9,1
1572,paid,False,79,15.9,1
1573,paid,True,6,6.0,0
1574,referral,True,30,8.6,1
1575,organic,False,0,0.0,0
1576,organic,True,82,8.9,1
1577,referral,False,75,7.0,1
1578,referral,True,2,2.0,0
1579,partner,True,1,1.0,0
1580,referral,True,30,14.8,1
1581,referral,False,21,7.0,1
1582,organic,False,71,23.3,1
1583,organic,False,13,13.0,0
1584,organic,False,66,21.4,1
1585,paid,False,46,18.2,1
1586,partner,False,31,9.3,1
1587,organic,True,12,10.2,1
1588,paid,False,83,2.8,1
1589,organic,False,51,30.0,0
1590,organic,False,36,18.0,1
1591,organic,True,31,26.4,1
1592,organic,True,76,6.4,1
1593,partner,False,68,10.7,1
1594,organic,True,68,13.7,1
1595,referral,True,51,3.9,1
1596,paid,False,74,17.5,1
1597,organic,True,25,18.6,1
1598,organic,True,59,12.8,1
1599,referral,True,33,15.5,1
1600,organic,True,50,4.4,1
1601,partner,False,83,8.4,1
1602,organic,False,82,12.2,1
1603,paid,False,43,6.6,1
1604,referral,False,48,6.7,1
1605,organic,False,75,22.7,1
1606,organic,True,82,22.8,1
1607,partner,False,65,15.9,1
1608,organic,True,5,3.4,1
1609,organic,True,27,2.9,1
1610,organic,False,75,11.9,1
1611,organic,False,64,30.0,0
1612,referral,True,62,11.8,1
1613,referral,False,56,4.8,1
1614,organic,True,34,21.8,1
1615,referral,True,33,6.4,1
1616,organic,True,67,14.8,1
1617,organic,True,24,16.6,1
1618,paid,True,57,7.1,1
1619,partner,True,61,1.6,1
1620,organic,True,70,7.0,1
1621,organic,True,26,12.5,1
1622,paid,False,62,17.9,1
1623,referral,False,8,4.1,1
1624,organic,False,11,11.0,0
1625,organic,True,35,12.3,1
1626,paid,False,4,4.0,0
1627,organic,False,79,30.0,0
1628,organic,True,75,26.3,1
1629,organic,True,4,4.0,0
1630,organic,True,70,10.2,1
1631,paid,True,42,16.6,1
1632,referral,True,58,10.0,1
1633,paid,True,74,0.9,1
1634,paid,True,48,7.7,1
1635,partner,False,9,9.0,0
1636,organic,True,0,0.0,0
1637,organic,True,41,2.2,1
1638,partner,False,79,4.8,1
1639,organic,True,48,11.3,1
1640,paid,True,31,13.1,1
1641,referral,True,2,2.0,0
1642,organic,True,76,5.8,1
1643,paid,True,27,5.4,1
1644,organic,True,59,1.9,1
1645,organic,True,58,9.6,1
1646,paid,False,21,21.0,0
1647,organic,False,5,5.0,0
1648,referral,True,32,3.7,1
1649,partner,True,26,11.2,1
1650,referral,True,58,11.1,1
1651,organic,False,68,13.3,1
1652,organic,False,18,18.0,0
1653,organic,True,44,6.2,1
1654,organic,True,3,3.0,0
1655,partner,True,17,10.1,1
1656,organic,False,63,29.1,1
1657,organic,False,66,14.2,1
1658,referral,True,65,4.4,1
1659,organic,False,11,11.0,0
1660,organic,True,46,12.7,1
1661,organic,False,35,30.0,0
1662,paid,False,83,11.2,1
1663,referral,True,54,0.6,1
1664,organic,True,78,7.0,1
1665,partner,False,12,12.0,0
1666,referral,True,37,5.9,1
1667,referral,False,64,16.8,1
1668,organic,True,30,30.0,0
1669,organic,False,53,30.0,0
1670,referral,True,42,14.2,1
1671,organic,True,83,19.7,1
1672,paid,True,14,5.3,1
1673,referral,True,78,10.1,1
1674,organic,True,33,7.4,1
1675,referral,False,39,2.9,1
1676,partner,True,44,6.9,1
1677,paid,True,22,10.0,1
1678,organic,True,80,7.5,1
1679,referral,True,76,14.4,1
1680,paid,False,81,18.3,1
1681,paid,False,83,16.3,1
1682,referral,True,56,3.5,1
1683,paid,False,37,8.3,1
1684,organic,False,71,9.2,1
1685,organic,False,1,1.0,0
1686,organic,True,70,11.6,1
1687,paid,True,41,4.8,1
1688,paid,True,56,4.0,1
1689,paid,False,31,16.8,1
1690,organic,False,30,2.4,1
1691,referral,True,2,2.0,0
1692,partner,True,35,7.7,1
1693,organic,False,34,19.0,0
1694,paid,False,18,18.0,0
1695,paid,True,20,5.6,1
1696,paid,False,49,30.0,0
1697,organic,True,26,12.8,1
1698,referral,True,69,6.1,1
1699,partner,True,9,3.1,1
1700,paid,False,48,7.4,1
1701,partner,False,13,7.7,1
1702,partner,True,44,9.0,1
1703,organic,True,46,21.7,1
1704,paid,True,53,7.2,1
1705,paid,True,35,16.2,1
1706,partner,True,42,7.1,1
1707,organic,True,15,1.7,1
1708,organic,True,38,11.3,1
1709,referral,True,31,5.7,1
1710,organic,True,55,8.9,1
1711,referral,False,36,5.9,1
1712,organic,True,65,13.5,1
1713,partner,False,35,13.1,1
1714,referral,False,19,19.0,0
1715,organic,False,22,16.8,1
1716,referral,True,3,3.0,0
1717,organic,True,45,12.1,1
1718,paid,False,69,9.6,1
1719,paid,True,64,26.1,1
1720,referral,True,36,6.6,1
1721,organic,True,16,16.0,0
1722,organic,True,72,17.2,1
1723,paid,True,4,4.0,0
1724,paid,False,33,27.5,1
1725,paid,True,71,1.1,1
1726,organic,True,33,0.4,1
1727,organic,False,9,9.0,0
1728,referral,True,22,6.1,1
1729,organic,False,50,11.6,1
1730,organic,True,12,4.4,1
1731,partner,True,55,7.6,1
1732,organic,False,36,30.0,0
1733,paid,True,28,6.6,1
1734,organic,True,20,1.5,1
1735,referral,False,69,17.8,1
1736,paid,False,33,17.3,1
1737,referral,False,62,15.2,1
1738,organic,True,36,14.5,1
1739,paid,True,7,6.4,1
1740,referral,False,37,14.8,1
1741,organic,True,42,3.2,1
1742,organic,True,38,6.7,1
1743,organic,False,68,30.0,0
1744,partner,True,76,3.9,1
1745,paid,True,66,5.6,1
1746,paid,True,48,9.5,1
1747,paid,True,45,9.8,1
1748,paid,False,54,7.7,1
1749,paid,False,24,18.3,1
1750,organic,True,68,21.0,1
1751,paid,True,71,13.0,1
1752,organic,True,22,17.6,1
1753,referral,True,75,5.3,1
1754,referral,True,71,12.2,1
1755,organic,False,35,15.8,1
1756,paid,True,76,10.3,1
1757,organic,True,10,5.7,1
1758,partner,False,2,2.0,0
1759,partner,True,29,2.2,1
1760,partner,False,47,4.6,1
1761,organic,True,29,20.0,1
1762,organic,True,79,8.7,1
1763,organic,False,21,21.0,0
1764,organic,True,23,6.0,1
1765,organic,True,53,9.7,1
1766,organic,True,0,0.0,0
1767,partner,False,61,19.2,1
1768,organic,False,31,22.8,1
1769,organic,True,82,6.5,1
1770,referral,False,58,6.6,1
1771,paid,False,4,4.0,0
1772,referral,True,7,7.0,0
1773,paid,True,7,7.0,0
1774,referral,True,80,6.4,1
1775,paid,True,57,17.1,1
1776,paid,True,35,12.6,1
1777,paid,True,16,3.7,1
1778,organic,True,73,12.7,1
1779,organic,True,16,7.6,1
1780,paid,False,59,16.7,1
1781,organic,True,64,12.9,1
1782,referral,False,24,9.9,1
1783,organic,False,42,29.5,1
1784,organic,False,18,18.0,0
1785,organic,False,31,2.0,1
1786,referral,False,81,5.0,1
1787,organic,True,58,7.7,1
1788,paid,False,71,29.3,1
1789,referral,True,45,18.0,1
1790,organic,False,20,20.0,0
1791,referral,True,59,2.0,1
1792,organic,True,42,6.2,1
1793,organic,True,14,11.8,1
1794,paid,False,34,2.9,1
1795,partner,True,53,13.8,1
1796,organic,True,61,11.1,1
1797,paid,True,20,16.1,1
1798,organic,True,73,16.5,1
1799,paid,False,31,4.3,1
1800,paid,False,22,6.7,1
1801,paid,True,16,16.0,0
1802,paid,True,67,14.4,1
1803,organic,True,29,10.4,1
1804,paid,True,40,21.2,1
1805,paid,False,18,15.0,1
1806,paid,False,57,14.2,1
1807,organic,True,65,16.9,1
1808,organic,False,28,28.0,0
1809,organic,True,79,18.6,1
1810,organic,False,2,2.0,0
1811,organic,True,11,11.0,0
1812,organic,False,49,17.7,1
1813,paid,True,58,13.3,1
1814,organic,False,21,14.0,1
1815,referral,True,46,14.3,1
1816,paid,True,26,20.6,1
1817,referral,True,46,4.6,1
1818,paid,True,55,6.4,1
1819,paid,True,81,14.0,1
1820,paid,False,38,20.4,1
1821,partner,False,54,2.8,1
1822,paid,True,48,18.9,1
1823,paid,False,26,26.0,0
1824,paid,False,21,18.2,1
1825,paid,True,82,13.7,1
1826,organic,True,17,9.4,1
1827,paid,True,66,6.9,1
1828,paid,True,12,9.4,1
1829,partner,False,67,10.8,1
1830,paid,False,15,15.0,0
1831,paid,False,81,9.7,1
1832,partner,True,57,18.2,1
1833,paid,False,7,7.0,0
1834,organic,False,58,14.6,1
1835,organic,True,50,15.9,1
1836,organic,False,28,28.0,0
1837,organic,True,21,15.5,1
1838,organic,True,60,8.2,1
1839,referral,True,62,13.6,1
1840,paid,True,27,6.4,1
1841,organic,False,73,11.7,1
1842,paid,True,22,7.7,1
1843,organic,True,5,5.0,0
1844,partner,True,50,4.1,1
1845,organic,True,8,8.0,0
1846,paid,True,23,3.3,1
1847,organic,True,42,8.3,1
1848,paid,False,24,7.5,0
1849,organic,True,18,6.5,1
1850,referral,False,59,12.1,1
1851,organic,True,45,13.2,1
1852,partner,False,70,14.8,1
1853,paid,False,48,13.6,1
1854,referral,True,40,4.8,1
1855,referral,True,21,2.6,1
1856,partner,False,66,18.5,1
1857,organic,True,16,9.8,1
1858,organic,False,20,14.5,1
1859,organic,True,70,8.9,1
1860,organic,True,62,12.4,1
1861,paid,True,51,11.6,1
1862,partner,False,3,3.0,0
1863,partner,True,10,10.0,0
1864,paid,False,41,25.7,1
1865,paid,False,62,15.1,1
1866,referral,True,38,10.5,1
1867,partner,True,1,1.0,0
1868,organic,True,15,15.0,0
1869,paid,True,49,6.8,1
1870,referral,False,58,2.0,1
1871,organic,True,2,2.0,0
1872,organic,True,3,3.0,0
1873,partner,False,21,6.6,1
1874,partner,False,7,7.0,0
1875,partner,True,45,0.5,1
1876,referral,False,10,10.0,0
1877,organic,True,54,18.5,1
1878,organic,False,65,20.5,1
1879,paid,True,81,12.6,1
1880,paid,True,79,5.5,1
1881,paid,True,22,18.8,1
1882,paid,False,2,2.0,0
1883,organic,False,27,11.9,1
1884,paid,True,59,4.2,1
1885,organic,False,5,5.0,0
1886,organic,False,30,30.0,0
1887,organic,True,25,11.8,1
1888,organic,False,18,9.1,1
1889,referral,True,59,8.9,1
1890,organic,False,55,23.9,0
1891,organic,True,44,16.8,1
1892,referral,True,76,10.9,1
1893,paid,True,8,4.0,1
1894,organic,True,12,12.0,0
1895,organic,False,32,14.6,1
1896,organic,True,55,2.5,1
1897,paid,True,49,13.3,1
1898,organic,True,6,6.0,0
1899,organic,False,80,30.0,0
1900,organic,False,25,25.0,0
1901,paid,True,30,16.7,1
1902,organic,True,52,16.3,1
1903,referral,True,79,8.5,1
1904,organic,False,55,21.2,1
1905,paid,False,80,24.2,1
1906,organic,False,15,15.0,0
1907,organic,False,51,14.8,1
1908,organic,True,69,30.0,0
1909,referral,False,42,6.3,1
1910,referral,True,30,2.1,1
1911,organic,True,82,8.3,1
1912,organic,True,11,10.4,1
1913,partner,True,34,5.9,1
1914,paid,False,73,12.5,1
1915,organic,True,75,3.4,1
1916,organic,False,82,4.0,1
1917,paid,False,74,18.3,1
1918,paid,False,4,4.0,0
1919,paid,False,78,8.6,1
1920,partner,True,35,28.0,1
1921,paid,True,54,9.4,1
1922,organic,True,33,9.3,1
1923,paid,True,68,6.5,1
1924,organic,False,48,25.0,1
1925,organic,True,71,16.7,1
1926,organic,True,16,16.0,0
1927,organic,True,15,11.1,1
1928,paid,True,36,3.0,1
1929,organic,False,0,0.0,0
1930,organic,True,58,15.2,1
1931,paid,False,24,23.7,1
1932,paid,False,46,9.0,1
1933,referral,False,5,5.0,0
1934,referral,True,14,7.3,1
1935,paid,False,52,19.4,1
1936,organic,True,25,22.6,1
1937,paid,True,18,5.5,1
1938,paid,False,19,13.3,1
1939,organic,False,18,18.0,0
1940,organic,True,52,3.8,1
1941,organic,False,14,14.0,0
1942,paid,True,30,2.8,1
1943,organic,False,57,21.2,1
1944,organic,False,43,21.9,1
1945,referral,True,50,2.0,1
1946,partner,False,21,2.7,1
1947,organic,False,78,4.2,1
1948,partner,False,34,6.5,1
1949,organic,False,24,21.6,1
1950,partner,False,75,20.5,1
1951,partner,True,55,9.4,1
1952,organic,False,51,5.4,1
1953,referral,True,74,9.1,1
1954,partner,False,4,4.0,0
1955,partner,True,70,2.4,1
1956,partner,True,56,1.4,1
1957,paid,False,30,3.9,1
1958,organic,True,21,11.2,1
1959,referral,True,8,7.4,1
1960,paid,False,79,1.7,1
1961,paid,True,11,11.0,0
1962,organic,True,21,20.0,1
1963,paid,True,58,1.9,1
1964,organic,True,59,8.7,1
1965,paid,True,13,9.2,1
1966,organic,True,68,22.2,1
1967,paid,True,42,9.6,1
1968,referral,True,71,1.8,1
1969,paid,True,7,7.0,0
1970,paid,False,3,3.0,0
1971,organic,False,53,18.8,1
1972,partner,True,12,3.0,1
1973,paid,True,44,3.2,1
1974,organic,False,1,1.0,0
1975,organic,False,65,17.0,1
1976,organic,True,75,17.2,1
1977,paid,True,70,10.6,1
1978,partner,True,80,12.1,1
1979,paid,False,75,15.5,1
1980,organic,False,37,17.9,1
1981,referral,False,33,15.7,1
1982,organic,True,75,17.4,1
1983,referral,True,77,12.8,1
1984,organic,True,81,21.9,1
1985,paid,True,64,6.6,1
1986,partner,True,16,12.1,1
1987,organic,False,79,7.6,0
1988,paid,True,79,0.3,1
1989,partner,False,55,18.9,1
1990,organic,True,72,4.4,1
1991,organic,True,47,10.2,1
1992,paid,False,79,10.9,1
1993,organic,False,7,7.0,0
1994,organic,True,72,20.2,1
1995,paid,False,4,4.0,0
1996,referral,True,28,3.6,1
1997,organic,True,11,11.0,0
1998,organic,True,40,7.2,1
1999,referral,True,19,6.8,1
2000,paid,False,79,5.4,1
2001,referral,True,46,3.9,1
2002,organic,False,75,30.0,0
2003,partner,False,23,5.1,1
2004,paid,True,2,1.8,1
2005,organic,True,65,7.7,1
2006,referral,True,58,13.7,1
2007,paid,False,45,8.5,1
2008,organic,False,68,15.7,1
2009,organic,False,70,26.1,1
2010,paid,True,49,3.8,1
2011,organic,True,81,11.0,1
2012,organic,True,60,5.4,1
2013,organic,True,56,9.0,1
2014,organic,False,30,28.2,1
2015,organic,True,0,0.0,0
2016,paid,True,20,8.7,1
2017,organic,True,64,11.9,1
2018,organic,True,59,14.2,1
2019,paid,False,27,27.0,0
2020,organic,True,52,8.7,1
2021,paid,False,16,16.0,0
2022,organic,False,22,5.6,1
2023,organic,False,79,3.9,1
2024,organic,False,34,11.9,1
2025,paid,False,20,20.0,0
2026,organic,False,40,13.6,1
2027,referral,True,32,19.1,1
2028,organic,True,61,6.0,1
2029,paid,False,80,16.5,1
2030,paid,True,49,2.6,1
2031,organic,True,49,14.8,1
2032,paid,False,30,23.5,1
2033,organic,True,47,0.8,1
2034,organic,True,26,11.6,1
2035,organic,False,0,0.0,0
2036,referral,True,72,2.4,1
2037,partner,False,36,12.7,1
2038,organic,True,41,13.1,1
2039,paid,False,7,7.0,0
2040,referral,False,70,5.5,1
2041,organic,True,14,2.4,1
2042,referral,True,34,9.6,1
2043,paid,True,70,6.2,1
2044,partner,True,38,10.9,1
2045,partner,True,78,6.5,1
2046,organic,False,17,10.7,1
2047,organic,True,60,4.6,1
2048,paid,False,82,17.7,1
2049,organic,True,46,15.0,1
2050,organic,False,58,29.8,1
2051,partner,True,33,14.2,1
2052,organic,True,63,15.1,1
2053,paid,False,76,6.6,1
2054,referral,True,59,8.3,1
2055,organic,False,78,27.0,1
2056,paid,True,49,6.2,1
2057,partner,True,48,12.2,1
2058,paid,True,25,14.2,1
2059,organic,False,59,5.5,1
2060,organic,True,74,25.0,1
2061,partner,True,54,8.9,1
2062,organic,True,19,10.8,1
2063,paid,True,45,14.9,1
2064,organic,True,63,17.1,1
2065,organic,False,78,30.0,0
2066,partner,True,13,9.9,1
2067,paid,False,10,5.8,1
2068,partner,True,34,8.7,1
2069,organic,True,10,10.0,0
2070,paid,True,82,11.7,1
2071,referral,True,35,1.4,1
2072,organic,True,44,22.9,1
2073,organic,True,19,5.0,1
2074,referral,True,37,9.6,1
2075,organic,False,82,4.4,1
2076,paid,True,41,13.0,1
2077,partner,True,0,0.0,0
2078,organic,True,20,11.8,1
2079,organic,True,82,18.6,1
2080,organic,False,83,12.4,1
2081,organic,True,17,9.3,1
2082,organic,False,51,14.5,1
2083,paid,True,6,6.0,0
2084,organic,True,48,8.3,1
2085,paid,False,10,10.0,0
2086,organic,True,68,0.4,1
2087,organic,False,78,13.1,1
2088,organic,True,14,10.5,1
2089,paid,False,38,6.8,1
2090,paid,True,8,8.0,0
2091,organic,True,28,11.2,1
2092,referral,False,5,5.0,0
2093,paid,True,22,7.1,1
2094,organic,True,83,14.8,1
2095,partner,False,3,3.0,0
2096,organic,False,72,10.3,1
2097,organic,False,6,6.0,0
2098,paid,False,44,12.0,1
2099,organic,False,37,30.0,0
2100,organic,False,78,22.7,1
2101,paid,False,16,7.0,1
2102,organic,True,15,15.0,0
2103,referral,True,62,5.4,1
2104,partner,False,60,10.8,1
2105,paid,False,58,6.8,1
2106,paid,True,2,2.0,0
2107,paid,True,21,5.2,1
2108,partner,True,70,8.5,1
2109,organic,True,50,13.7,1
2110,organic,False,50,25.2,1
2111,paid,True,24,11.7,1
2112,paid,False,21,15.8,1
2113,organic,False,79,30.0,0
2114,paid,False,61,18.3,1
2115,organic,True,10,9.4,1
2116,partner,False,78,13.1,1
2117,organic,False,48,30.0,0
2118,organic,False,28,25.2,1
2119,organic,True,33,13.4,1
2120,organic,True,60,9.0,1
2121,organic,False,31,7.1,1
2122,organic,True,48,11.3,1
2123,organic,True,59,8.9,1
2124,organic,False,16,16.0,0
2125,organic,False,79,4.6,1
2126,organic,True,29,16.2,1
2127,organic,True,35,15.3,1
2128,organic,True,58,18.8,1
2129,organic,False,51,30.0,0
2130,organic,False,36,11.2,1
2131,organic,True,54,18.3,1
2132,referral,True,75,10.2,1
2133,partner,True,67,12.9,1
2134,partner,True,69,1.2,1
2135,paid,False,21,9.2,1
2136,paid,True,35,2.8,1
2137,organic,True,46,5.2,1
2138,referral,True,3,2.5,1
2139,referral,True,64,7.6,1
2140,referral,False,27,20.6,1
2141,referral,False,23,16.0,1
2142,organic,False,21,21.0,0
2143,referral,True,23,4.9,1
2144,referral,False,28,28.0,0
2145,organic,True,50,21.7,1
2146,partner,False,49,9.4,1
2147,organic,False,21,21.0,0
2148,partner,True,17,17.0,0
2149,referral,False,69,23.3,1
2150,organic,True,7,7.0,0
2151,paid,False,43,29.2,1
2152,organic,True,43,21.6,1
2153,referral,True,48,11.1,1
2154,referral,True,74,4.5,1
2155,paid,True,52,15.6,1
2156,referral,True,81,17.6,1
2157,organic,True,73,4.1,1
2158,organic,False,18,8.1,1
2159,organic,True,20,20.0,0
2160,organic,True,28,17.6,1
2161,organic,False,32,30.0,0
2162,organic,False,46,13.5,1
2163,organic,True,19,18.0,1
2164,organic,True,18,3.5,1
2165,referral,False,32,5.9,1
2166,organic,False,56,17.6,1
2167,referral,True,57,21.3,1
2168,organic,False,81,7.8,1
2169,organic,True,17,7.9,1
2170,paid,True,33,5.4,1
2171,organic,False,81,30.0,0
2172,organic,False,57,13.8,1
2173,paid,False,49,8.6,1
2174,organic,True,45,2.7,1
2175,organic,True,6,6.0,0
2176,paid,True,75,9.7,1
2177,organic,True,52,13.7,1
2178,referral,True,48,5.1,1
2179,organic,True,45,3.8,1
2180,partner,True,32,6.6,1
2181,referral,False,21,18.7,1
2182,partner,True,63,20.9,1
2183,referral,True,42,6.0,1
2184,organic,False,2,2.0,0
2185,paid,True,33,20.9,1
2186,organic,False,78,23.9,1
2187,referral,True,31,1.9,1
2188,paid,True,34,9.8,1
2189,organic,False,52,30.0,0
2190,partner,False,67,16.3,1
2191,organic,False,56,23.5,1
2192,paid,False,71,30.0,0
2193,paid,True,9,7.4,1
2194,organic,False,77,17.5,1
2195,paid,False,75,12.6,1
2196,referral,False,43,10.1,1
2197,organic,True,52,18.7,0
2198,paid,True,17,16.4,1
2199,organic,False,37,30.0,0
2200,paid,True,17,17.0,0
2201,organic,True,1,1.0,0
2202,partner,True,82,14.6,1
2203,referral,True,21,5.4,1
2204,organic,True,49,20.3,1
2205,organic,True,25,22.9,1
2206,paid,True,31,16.7,1
2207,paid,True,33,9.7,1
2208,organic,False,28,15.8,1
2209,organic,True,53,6.3,1
2210,organic,True,80,22.4,1
2211,partner,True,36,6.4,1
2212,paid,True,81,5.6,1
2213,referral,False,56,16.3,1
2214,paid,False,50,30.0,0
2215,partner,True,19,13.5,1
2216,organic,True,5,5.0,0
2217,organic,True,71,4.6,1
2218,partner,True,48,9.5,1
2219,partner,True,34,7.5,1
2220,organic,True,68,7.1,1
2221,organic,True,26,14.9,1
2222,paid,False,65,12.5,1
2223,organic,True,27,25.3,1
2224,organic,True,77,12.6,1
2225,referral,True,22,14.4,1
2226,organic,True,11,11.0,0
2227,paid,True,58,13.4,1
2228,organic,True,13,8.1,1
2229,organic,True,79,8.9,1
2230,paid,True,55,6.1,1
2231,organic,False,19,19.0,0
2232,paid,False,17,1.2,1
2233,organic,True,77,27.2,1
2234,partner,True,51,3.8,1
2235,paid,False,75,10.3,1
2236,referral,False,9,9.0,0
2237,organic,True,77,13.5,1
2238,organic,True,43,7.4,1
2239,organic,True,56,7.7,1
2240,paid,False,31,29.3,1
2241,organic,True,4,4.0,0
2242,organic,True,80,25.2,1
2243,organic,True,83,12.2,1
2244,organic,True,30,9.5,1
2245,organic,True,79,6.1,1
2246,organic,False,14,14.0,0
2247,organic,True,12,12.0,0
2248,paid,True,6,6.0,0
2249,organic,True,32,18.0,1
2250,organic,False,4,4.0,0
2251,paid,True,33,10.4,1
2252,referral,True,11,4.1,1
2253,organic,True,61,18.3,1
2254,paid,False,70,26.1,1
2255,partner,False,57,13.6,1
2256,paid,False,16,16.0,0
2257,partner,False,64,19.8,1
2258,referral,True,20,9.2,1
2259,organic,True,63,12.5,1
2260,organic,True,47,17.4,1
2261,paid,False,30,14.8,1
2262,partner,False,7,5.1,1
2263,paid,True,69,9.1,1
2264,organic,False,78,28.3,1
2265,paid,True,55,21.2,1
2266,organic,True,81,22.0,1
2267,referral,True,78,6.6,1
2268,paid,False,16,11.7,1
2269,paid,False,61,30.0,0
2270,referral,True,29,12.0,1
2271,paid,False,40,21.5,1
2272,paid,False,13,13.0,0
2273,referral,False,81,2.6,1
2274,referral,False,60,19.4,1
2275,referral,True,22,15.9,1
2276,organic,False,31,25.6,1
2277,paid,False,35,29.4,1
2278,organic,False,62,13.9,0
2279,referral,True,77,8.5,1
2280,paid,False,27,22.0,1
2281,organic,False,39,30.0,0
2282,organic,True,49,10.2,1
2283,organic,False,33,20.3,1
2284,paid,True,42,20.2,1
2285,organic,True,8,5.2,1
2286,organic,True,14,14.0,0
2287,referral,False,33,2.5,1
2288,referral,False,76,3.4,1
2289,organic,True,29,13.6,1
2290,organic,False,20,20.0,0
2291,partner,True,62,3.7,1
2292,paid,True,79,12.1,1
2293,paid,False,38,27.8,1
2294,organic,False,0,0.0,0
2295,organic,False,57,20.7,1
2296,organic,False,34,9.1,1
2297,paid,False,56,10.5,1
2298,organic,True,23,4.9,1
2299,organic,True,0,0.0,0
2300,paid,True,28,7.6,1
2301,partner,False,59,13.0,1
2302,referral,False,33,1.3,1
2303,paid,False,18,3.4,1
2304,paid,True,38,4.4,1
2305,organic,True,63,7.0,1
2306,organic,False,10,10.0,0
2307,paid,False,58,23.6,1
2308,organic,True,56,4.9,1
2309,paid,True,31,27.8,1
2310,referral,True,81,11.2,1
2311,partner,True,75,9.1,1
2312,organic,True,26,10.6,1
2313,organic,True,2,2.0,0
2314,organic,False,25,25.0,0
2315,organic,True,17,17.0,0
2316,organic,True,45,18.8,1
2317,organic,True,77,15.4,1
2318,referral,False,73,30.0,0
2319,paid,True,25,6.9,1
2320,partner,True,36,11.6,1
2321,organic,True,3,3.0,0
2322,organic,False,45,26.3,1
2323,organic,False,5,5.0,0
2324,organic,True,78,5.2,1
2325,organic,True,72,21.4,1
2326,partner,True,17,10.0,1
2327,organic,False,58,14.3,1
2328,organic,False,47,17.2,0
2329,paid,True,67,4.7,1
2330,paid,True,39,2.0,1
2331,paid,False,16,13.6,1
2332,organic,False,53,4.4,1
2333,referral,True,6,6.0,0
2334,organic,True,49,14.0,1
2335,organic,True,17,17.0,0
2336,paid,False,57,24.9,0
2337,referral,False,69,18.1,1
2338,organic,False,9,9.0,0
2339,paid,False,33,16.1,1
2340,organic,True,61,19.0,1
2341,organic,True,13,10.1,1
2342,organic,True,47,20.2,1
2343,paid,False,56,21.3,1
2344,organic,False,29,29.0,0
2345,paid,True,69,6.8,1
2346,organic,True,42,11.9,1
2347,referral,False,52,7.8,1
2348,referral,False,11,11.0,0
2349,organic,False,1,1.0,0
2350,organic,True,4,2.3,1
2351,organic,False,75,11.5,0
2352,referral,False,74,13.9,1
2353,organic,False,67,30.0,0
2354,paid,False,16,16.0,0
2355,organic,False,44,21.6,1
2356,referral,False,66,21.1,1
2357,paid,False,56,15.8,1
2358,paid,True,9,3.0,1
2359,partner,True,75,12.5,1
2360,organic,False,13,13.0,0
2361,referral,False,14,6.0,1
2362,organic,True,75,13.0,1
2363,paid,True,40,3.8,1
2364,referral,False,31,16.5,1
2365,paid,False,46,13.1,1
2366,paid,False,82,4.9,1
2367,organic,True,10,10.0,0
2368,organic,False,63,10.8,1
2369,organic,False,28,16.2,1
2370,paid,True,9,5.0,1
2371,paid,True,35,16.5,1
2372,organic,False,46,22.6,1
2373,organic,True,17,17.0,0
2374,organic,False,34,4.2,1
2375,organic,False,53,15.1,0
2376,organic,False,48,30.0,0
2377,referral,True,60,2.6,1
2378,paid,False,70,22.1,1
2379,organic,True,34,10.4,1
2380,paid,False,35,22.6,1
2381,referral,True,41,5.7,1
2382,organic,False,47,30.0,0
2383,organic,False,9,9.0,0
2384,organic,True,26,11.6,1
2385,organic,True,14,14.0,0
2386,referral,False,32,17.9,1
2387,partner,True,81,14.0,1
2388,organic,True,48,8.3,1
2389,paid,True,36,16.5,1
2390,organic,False,47,28.1,1
2391,paid,False,56,21.0,1
2392,referral,True,36,7.9,1
2393,organic,False,37,14.0,1
2394,organic,True,58,13.7,1
2395,paid,True,5,4.0,1
2396,partner,True,45,5.7,1
2397,organic,True,45,5.7,1
2398,organic,True,63,8.2,1
2399,organic,False,82,24.2,0
2400,paid,True,66,1.5,1
2401,paid,False,42,9.1,1
2402,referral,True,14,6.5,1
2403,referral,True,49,12.5,1
2404,referral,True,70,12.3,1
2405,referral,False,78,10.1,1
2406,organic,False,69,23.2,1
2407,paid,True,15,7.1,1
2408,organic,True,59,14.9,1
2409,organic,True,73,12.0,1
2410,partner,False,57,21.3,1
2411,paid,True,57,17.0,1
2412,partner,False,42,27.1,1
2413,organic,True,53,6.1,1
2414,paid,True,24,8.9,1
2415,paid,False,7,4.0,1
2416,organic,True,69,7.5,1
2417,organic,True,79,7.1,1
2418,paid,False,71,16.1,1
2419,organic,True,28,6.2,1
2420,partner,True,7,2.0,1
2421,organic,True,23,8.0,1
2422,organic,True,70,23.5,1
2423,referral,False,55,9.4,1
2424,organic,True,81,22.8,1
2425,partner,False,28,27.0,1
2426,paid,False,46,11.5,1
2427,organic,False,66,9.7,1
2428,paid,False,19,19.0,0
2429,paid,False,80,30.0,0
2430,referral,False,49,4.6,1
2431,referral,True,0,0.0,0
2432,paid,True,2,2.0,0
2433,paid,False,74,10.7,1
2434,organic,True,54,5.5,1
2435,paid,False,64,15.9,1
2436,partner,True,65,7.3,1
2437,paid,False,35,21.0,1
2438,paid,True,67,14.7,1
2439,organic,False,78,12.3,1
2440,referral,True,14,3.3,1
2441,partner,True,64,10.3,1
2442,organic,False,25,25.0,0
2443,organic,False,27,27.0,0
2444,paid,False,34,21.9,0
2445,paid,False,72,22.8,1
2446,paid,True,1,1.0,0
2447,organic,False,36,11.3,1
2448,organic,True,57,17.8,1
2449,paid,True,9,6.9,1
2450,paid,True,66,9.1,1
2451,paid,True,79,4.6,1
2452,paid,False,7,3.4,1
2453,paid,False,12,12.0,0
2454,referral,True,81,14.7,1
2455,paid,False,16,10.0,1
2456,paid,True,6,6.0,0
2457,paid,True,79,15.0,1
2458,organic,False,74,30.0,0
2459,organic,True,55,4.3,1
2460,paid,True,46,30.0,0
2461,referral,False,77,12.4,1
2462,paid,True,55,11.0,1
2463,organic,True,55,9.3,1
2464,paid,False,70,22.5,1
2465,organic,True,54,4.9,1
2466,paid,False,42,10.4,1
2467,referral,False,32,13.6,1
2468,paid,True,42,12.2,1
2469,paid,True,43,5.0,1
2470,organic,True,30,7.4,1
2471,organic,False,37,23.9,1
2472,referral,True,67,9.4,1
2473,paid,False,34,20.0,0
2474,paid,True,2,2.0,0
2475,organic,False,23,23.0,0
2476,organic,True,19,19.0,0
2477,organic,True,66,21.3,1
2478,organic,True,37,5.3,1
2479,organic,False,23,10.9,1
2480,partner,False,68,5.9,1
2481,paid,True,1,1.0,0
2482,organic,True,14,9.9,1
2483,organic,True,69,22.6,1
2484,organic,True,46,8.5,1
2485,referral,False,64,17.2,1
2486,organic,False,70,19.8,1
2487,referral,False,79,2.7,1
2488,referral,True,5,3.0,1
2489,organic,True,67,18.5,1
2490,paid,False,59,10.4,1
2491,partner,True,17,15.1,1
2492,organic,False,78,30.0,0
2493,organic,True,33,30.0,0
2494,partner,True,74,13.2,1
2495,referral,False,50,8.6,1
2496,paid,True,44,12.1,1
2497,paid,False,13,13.0,0
2498,organic,True,76,1.3,1
2499,referral,True,46,7.0,1
2500,paid,True,0,0.0,0
2501,organic,True,1,1.0,0
2502,paid,True,65,9.5,1
2503,partner,True,13,8.2,1
2504,referral,False,50,10.1,1
2505,organic,False,57,7.7,1
2506,organic,True,23,16.6,1
2507,partner,True,47,8.0,1
2508,partner,True,20,20.0,0
2509,paid,False,79,7.0,1
2510,paid,False,72,22.0,1
2511,paid,True,24,13.9,1
2512,organic,True,44,0.5,1
2513,organic,True,42,10.6,1
2514,organic,True,80,22.6,1
2515,organic,True,33,17.5,1
2516,referral,False,47,15.3,1
2517,organic,True,78,1.4,1
2518,organic,True,13,13.0,0
2519,paid,True,46,14.9,1
2520,organic,False,8,8.0,0
2521,organic,True,51,14.2,1
2522,paid,True,30,21.7,1
2523,organic,True,81,5.2,1
2524,paid,False,34,30.0,0
2525,partner,True,11,2.8,1
2526,organic,False,70,11.1,1
2527,partner,True,68,16.3,1
2528,partner,True,58,5.1,1
2529,referral,False,62,7.1,1
2530,paid,False,22,13.7,1
2531,paid,True,53,8.6,1
2532,paid,False,3,3.0,0
2533,paid,True,16,16.0,0
2534,organic,True,78,7.9,1
2535,partner,False,62,25.1,1
2536,paid,False,19,19.0,0
2537,referral,True,9,7.4,1
2538,organic,False,79,30.0,0
2539,organic,True,9,6.7,1
2540,paid,True,21,5.1,1
2541,paid,False,15,7.5,1
2542,organic,True,0,0.0,0
2543,organic,False,26,22.8,1
2544,organic,False,81,9.2,1
2545,paid,False,28,20.1,1
2546,organic,True,42,8.5,1
2547,partner,False,62,11.2,1
2548,organic,False,46,25.8,1
2549,organic,False,62,28.7,1
2550,organic,True,55,9.3,1
2551,paid,True,51,17.7,1
2552,paid,True,54,4.2,1
2553,paid,True,67,8.6,1
2554,partner,True,59,14.9,1
2555,organic,False,66,14.0,1
2556,paid,False,12,12.0,0
2557,organic,True,56,19.4,1
2558,organic,True,61,2.5,1
2559,paid,False,25,10.8,1
2560,organic,True,73,10.5,1
2561,paid,False,25,7.3,1
2562,paid,True,20,9.1,1
2563,paid,True,72,10.7,1
2564,paid,True,20,15.9,1
2565,paid,False,34,28.4,1
2566,organic,True,30,13.6,1
2567,organic,False,75,21.9,1
2568,organic,True,38,7.8,1
2569,paid,True,58,10.7,1
2570,partner,False,66,11.2,1
2571,organic,True,52,5.8,1
2572,paid,True,79,0.7,1
2573,referral,True,67,9.6,1
2574,referral,False,33,4.2,1
2575,paid,True,79,5.1,1
2576,paid,True,44,20.8,1
2577,paid,False,1,1.0,0
2578,referral,False,21,18.9,1
2579,organic,False,52,15.2,1
2580,partner,False,13,11.9,1
2581,organic,False,49,20.6,1
2582,referral,True,30,4.3,1
2583,organic,True,44,15.8,1
2584,organic,False,0,0.0,0
2585,organic,False,71,8.5,1
2586,organic,False,30,3.4,1
2587,organic,False,11,11.0,0
2588,organic,True,36,19.0,1
2589,paid,True,40,18.5,1
2590,organic,False,53,30.0,0
2591,referral,True,44,8.3,1
2592,referral,False,3,3.0,0
2593,paid,False,73,5.7,1
2594,organic,True,38,9.0,1
2595,organic,False,6,6.0,0
2596,partner,False,64,18.5,1
2597,organic,False,55,24.5,1
2598,organic,True,54,12.7,1
2599,partner,False,35,8.7,1
2600,partner,True,34,15.7,1
2601,organic,True,45,5.5,1
2602,paid,True,4,4.0,0
2603,paid,False,25,23.5,1
2604,referral,False,82,0.9,1
2605,organic,True,55,19.9,1
2606,organic,False,35,30.0,0
2607,paid,True,18,7.7,1
2608,organic,False,62,24.1,1
2609,paid,True,21,19.5,1
2610,organic,False,13,13.0,0
2611,referral,True,12,12.0,0
2612,referral,False,61,11.8,1
2613,paid,True,53,14.8,1
2614,referral,False,5,5.0,0
2615,organic,False,9,8.8,1
2616,paid,True,53,17.3,1
2617,organic,True,47,15.7,1
2618,referral,False,57,21.6,1
2619,referral,False,14,14.0,0
2620,partner,True,61,11.7,1
2621,referral,True,78,4.1,1
2622,partner,True,50,9.9,1
2623,organic,False,16,16.0,0
2624,partner,False,57,9.5,1
2625,paid,True,28,4.8,1
2626,organic,False,4,4.0,0
2627,paid,False,25,25.0,0
2628,organic,False,76,3.0,1
2629,organic,True,34,16.1,1
2630,organic,True,72,9.0,1
2631,organic,True,42,8.9,1
2632,paid,True,43,9.6,1
2633,referral,True,0,0.0,0
2634,paid,True,53,17.4,1
2635,paid,True,9,9.0,0
2636,organic,False,40,20.0,1
2637,paid,True,21,5.6,1
2638,organic,False,32,13.8,1
2639,referral,True,45,2.4,1
2640,organic,False,1,1.0,0
2641,paid,True,23,6.3,1
2642,referral,False,83,25.3,1
2643,paid,False,4,4.0,0
2644,referral,True,26,6.1,1
2645,organic,False,26,17.5,1
2646,referral,True,31,12.1,1
2647,paid,False,57,14.2,1
2648,referral,True,20,9.3,1
2649,paid,True,38,12.5,1
2650,referral,True,54,3.5,1
2651,partner,False,27,14.7,1
2652,organic,True,79,11.7,1
2653,referral,False,82,11.0,1
2654,paid,True,10,8.8,1
2655,paid,True,28,15.3,1
2656,partner,True,17,6.6,1
2657,organic,False,15,15.0,0
2658,paid,False,41,12.4,1
2659,organic,True,47,21.6,1
2660,organic,False,35,1.4,1
2661,referral,True,22,4.2,1
2662,organic,True,23,13.9,1
2663,organic,True,83,16.6,1
2664,organic,True,77,14.6,1
2665,paid,True,6,6.0,0
2666,referral,False,55,9.3,1
2667,referral,True,38,5.1,1
2668,organic,False,57,7.6,1
2669,paid,False,50,17.5,1
2670,paid,False,74,12.0,1
2671,paid,False,5,5.0,0
2672,organic,False,29,16.0,1
2673,organic,True,82,12.7,1
2674,paid,True,15,5.6,1
2675,paid,True,10,10.0,0
2676,paid,False,61,25.4,1
2677,paid,True,65,13.4,1
2678,referral,False,56,3.0,1
2679,paid,False,65,16.1,1
2680,organic,True,58,15.1,1
2681,referral,False,11,11.0,0
2682,referral,True,51,7.9,1
2683,organic,True,65,5.1,1
2684,paid,False,72,3.3,1
2685,organic,True,20,5.6,1
2686,paid,True,10,4.5,1
2687,organic,True,65,19.6,1
2688,paid,True,21,14.0,1
2689,organic,False,2,2.0,0
2690,paid,False,69,12.4,1
2691,partner,True,42,12.4,1
2692,organic,True,27,7.6,1
2693,referral,True,0,0.0,0
2694,partner,False,2,2.0,0
2695,referral,False,66,16.5,1
2696,organic,True,41,5.6,1
2697,referral,True,12,4.7,1
2698,organic,False,30,19.4,1
2699,organic,False,13,10.2,1
2700,referral,True,9,3.8,1
2701,paid,False,23,19.3,1
2702,paid,True,46,5.5,1
2703,organic,True,17,17.0,0
2704,referral,False,28,12.2,1
2705,paid,True,40,18.3,1
2706,paid,True,35,11.0,1
2707,referral,False,10,10.0,0
2708,organic,False,3,3.0,0
2709,organic,True,2,2.0,0
2710,paid,False,29,12.5,1
2711,partner,False,60,10.7,1
2712,organic,False,11,11.0,0
2713,organic,False,66,30.0,0
2714,organic,False,60,25.6,1
2715,referral,True,0,0.0,0
2716,organic,True,2,2.0,0
2717,paid,False,16,16.0,0
2718,partner,False,4,4.0,0
2719,organic,True,44,10.8,1
2720,paid,True,3,1.2,1
2721,paid,False,67,30.0,0
2722,referral,True,41,6.8,1
2723,organic,True,61,10.5,1
2724,organic,False,63,27.4,1
2725,organic,False,42,11.5,0
2726,paid,False,77,30.0,0
2727,referral,False,83,13.2,1
2728,organic,True,30,8.6,1
2729,organic,False,10,10.0,0
2730,referral,True,30,12.1,1
2731,organic,True,18,5.3,1
2732,organic,False,44,24.7,1
2733,paid,False,31,3.2,1
2734,organic,False,40,30.0,0
2735,organic,True,64,5.8,1
2736,paid,False,23,5.4,1
2737,organic,False,45,10.1,1
2738,paid,False,28,8.5,1
2739,paid,False,65,20.2,1
2740,paid,True,53,6.6,1
2741,organic,False,0,0.0,0
2742,referral,False,55,13.8,1
2743,organic,False,14,1.6,1
2744,referral,False,60,16.9,1
2745,organic,False,47,23.3,1
2746,referral,True,33,2.5,1
2747,organic,True,58,16.9,1
2748,organic,False,71,30.0,0
2749,paid,False,65,21.8,1
2750,organic,False,45,12.2,1
2751,organic,True,60,5.2,1
2752,paid,True,34,18.4,1
2753,referral,False,66,9.9,1
2754,organic,False,69,18.2,1
2755,referral,True,11,5.4,1
2756,referral,False,19,9.0,1
2757,referral,True,22,1.5,1
2758,paid,True,13,12.4,1
2759,paid,True,32,13.3,1
2760,paid,True,16,8.5,1
2761,paid,True,50,10.9,1
2762,partner,False,8,8.0,0
2763,organic,False,22,22.0,0
2764,organic,False,55,15.2,0
2765,organic,True,33,3.3,1
2766,partner,True,35,16.6,1
2767,organic,True,67,10.5,1
2768,paid,False,82,9.9,1
2769,referral,True,47,20.6,1
2770,partner,False,6,6.0,0
2771,organic,False,8,8.0,0
2772,referral,False,81,12.1,1
2773,referral,True,57,9.4,1
2774,organic,True,63,9.4,1
2775,referral,True,56,11.2,1
2776,organic,True,15,11.5,0
2777,paid,False,37,30.0,0
2778,paid,True,67,12.4,1
2779,organic,False,72,25.2,1
2780,organic,True,19,2.9,1
2781,organic,False,50,30.0,0
2782,organic,False,13,13.0,0
2783,paid,True,80,8.6,1
2784,organic,False,21,14.1,1
2785,organic,True,61,9.6,1
2786,paid,False,19,19.0,0
2787,paid,False,51,13.0,1
2788,paid,False,55,21.4,1
2789,partner,False,27,7.5,1
2790,organic,True,68,19.9,1
2791,referral,False,74,8.2,1
2792,organic,False,71,16.4,1
2793,paid,True,27,7.5,1
2794,partner,True,62,13.0,1
2795,referral,False,46,9.0,1
2796,paid,False,49,10.3,1
2797,paid,True,40,10.0,1
2798,organic,False,50,26.1,1
2799,paid,False,11,11.0,0
2800,referral,True,34,10.1,1
2801,partner,True,14,4.6,1
2802,paid,False,23,18.8,1
2803,organic,False,10,10.0,0
2804,paid,False,17,10.3,1
2805,organic,True,65,8.9,1
2806,organic,False,46,14.9,1
2807,organic,False,1,1.0,0
2808,paid,False,66,15.8,1
2809,organic,True,76,19.6,1
2810,organic,False,73,9.4,1
2811,organic,True,69,2.4,1
2812,referral,True,83,7.7,1
2813,paid,False,49,4.5,1
2814,organic,False,80,0.8,1
2815,organic,True,79,12.5,1
2816,paid,False,26,10.7,1
2817,organic,True,72,9.5,1
2818,paid,True,66,14.7,1
2819,organic,True,65,27.9,1
2820,partner,True,75,8.4,1
2821,organic,False,32,11.3,1
2822,paid,False,33,21.3,1
2823,organic,False,53,11.4,1
2824,partner,True,61,6.0,1
2825,partner,True,73,5.5,1
2826,paid,True,73,13.6,1
2827,paid,False,60,17.1,1
2828,organic,True,80,20.2,1
2829,referral,True,15,10.9,1
2830,paid,False,79,30.0,0
2831,organic,False,5,5.0,0
2832,paid,True,46,15.4,1
2833,paid,True,7,7.0,0
2834,referral,False,47,13.4,1
2835,paid,True,32,14.0,1
2836,paid,True,6,4.2,1
2837,paid,False,54,15.7,1
2838,organic,True,61,3.7,1
2839,organic,True,14,9.7,1
2840,organic,True,58,22.3,0
2841,referral,True,15,2.4,1
2842,organic,True,11,5.3,1
2843,organic,True,12,9.7,1
2844,organic,False,50,19.3,1
2845,organic,True,65,13.2,1
2846,paid,False,50,16.8,1
2847,organic,False,67,11.9,1
2848,organic,True,49,12.0,1
2849,referral,True,66,12.2,1
2850,organic,False,82,17.7,0
2851,organic,False,32,30.0,0
2852,organic,False,12,12.0,0
2853,referral,True,11,9.0,1
2854,organic,True,50,4.5,1
2855,referral,True,45,11.0,1
2856,partner,False,15,15.0,0
2857,paid,False,74,25.1,1
2858,organic,True,80,11.4,1
2859,paid,False,21,13.3,1
2860,paid,True,17,9.3,1
2861,organic,False,17,4.7,1
2862,paid,True,32,0.6,1
2863,organic,False,71,9.6,1
2864,organic,False,50,10.7,1
2865,organic,False,5,5.0,0
2866,organic,True,39,10.7,1
2867,organic,False,7,7.0,0
2868,paid,False,34,9.1,1
2869,partner,True,33,13.1,1
2870,organic,True,54,19.0,1
2871,paid,False,46,30.0,0
2872,paid,True,73,8.1,1
2873,organic,True,1,1.0,0
2874,organic,True,65,30.0,0
2875,organic,True,1,1.0,0
2876,organic,True,25,14.8,1
2877,organic,False,73,11.1,1
2878,organic,True,57,28.9,1
2879,paid,False,14,8.7,0
2880,organic,True,41,10.0,1
2881,organic,True,60,10.5,1
2882,organic,True,78,5.9,1
2883,paid,False,53,14.0,1
2884,organic,False,2,2.0,0
2885,paid,True,41,13.0,1
2886,organic,True,12,12.0,0
2887,organic,True,4,1.8,1
2888,partner,True,50,15.0,1
2889,organic,False,65,11.0,1
2890,organic,True,3,3.0,0
2891,organic,False,65,20.8,1
2892,partner,False,59,22.7,1
2893,paid,True,63,8.3,1
2894,paid,False,20,8.7,1
2895,partner,True,33,19.0,1
2896,organic,False,10,10.0,0
2897,partner,True,20,10.0,1
2898,organic,False,25,25.0,0
2899,paid,True,26,11.7,1
2900,organic,True,14,2.8,1
2901,organic,False,15,15.0,0
2902,partner,True,75,8.8,1
2903,organic,True,65,13.1,1
2904,partner,False,28,18.3,1
2905,organic,True,79,17.2,1
2906,paid,False,20,10.9,1
2907,partner,False,34,10.7,1
2908,organic,False,68,10.4,1
2909,partner,True,37,9.1,1
2910,paid,True,19,8.2,1
2911,paid,False,30,5.9,1
2912,organic,True,42,5.4,1
2913,paid,True,52,3.0,1
2914,paid,True,34,14.0,1
2915,paid,True,36,1.2,1
2916,organic,False,22,10.3,1
2917,organic,False,44,11.0,1
2918,referral,False,18,9.1,1
2919,organic,False,72,2.6,1
2920,paid,True,62,10.7,1
2921,partner,True,34,4.9,1
2922,organic,True,62,8.5,1
2923,organic,False,0,0.0,0
2924,paid,True,28,6.0,1
2925,organic,False,36,28.1,0
2926,paid,True,39,12.3,1
2927,paid,False,62,19.3,1
2928,paid,False,80,10.1,1
2929,organic,False,31,13.6,1
2930,paid,True,29,4.7,1
2931,paid,False,51,9.0,1
2932,organic,True,23,10.4,1
2933,paid,True,11,11.0,0
2934,referral,True,80,5.8,1
2935,paid,True,68,3.7,1
2936,paid,False,80,12.7,1
2937,organic,True,18,4.4,1
2938,organic,True,1,0.3,1
2939,organic,False,36,25.3,1
2940,organic,False,78,13.4,1
2941,partner,False,11,11.0,0
2942,organic,False,9,9.0,0
2943,referral,True,5,5.0,0
2944,organic,False,64,10.1,0
2945,organic,True,66,20.1,1
2946,organic,True,58,9.7,1
2947,organic,True,4,4.0,0
2948,referral,False,60,13.6,1
2949,partner,True,37,7.5,1
2950,referral,False,13,13.0,0
2951,organic,True,24,5.4,1
2952,referral,True,42,8.0,1
2953,organic,True,27,24.9,1
2954,partner,True,81,0.6,1
2955,paid,True,39,4.5,1
2956,organic,False,31,15.3,1
2957,organic,True,56,7.4,1
2958,organic,True,54,22.4,1
2959,organic,False,0,0.0,0
2960,partner,True,51,12.3,1
2961,referral,True,20,7.5,1
2962,partner,True,31,13.0,1
2963,organic,True,59,7.4,1
2964,paid,True,46,14.5,1
2965,organic,False,30,29.8,1
2966,paid,True,14,14.0,0
2967,organic,False,42,13.5,1
2968,organic,True,26,16.7,1
2969,paid,False,76,15.8,1
2970,organic,False,44,26.4,1
2971,paid,True,72,5.6,1
2972,paid,True,32,14.9,1
2973,organic,True,69,3.2,1
2974,partner,False,4,4.0,0
2975,paid,False,25,25.0,0
2976,referral,True,6,6.0,0
2977,paid,False,2,2.0,0
2978,paid,True,77,10.3,1
2979,paid,True,60,14.4,1
2980,referral,False,52,4.6,1
2981,paid,True,44,9.5,1
2982,organic,True,47,18.5,1
2983,organic,False,53,22.0,1
2984,paid,True,69,15.7,1
2985,organic,False,50,30.0,0
2986,organic,True,62,16.6,1
2987,organic,True,23,23.0,0
2988,paid,True,82,15.9,1
2989,organic,False,2,2.0,0
2990,paid,True,32,7.3,1
2991,referral,True,74,2.2,1
2992,referral,False,15,15.0,0
2993,organic,False,11,8.9,1
2994,paid,False,30,20.2,1
2995,paid,False,35,28.9,1
2996,paid,True,78,5.1,1
2997,paid,False,70,30.0,0
2998,organic,False,38,23.6,1
2999,partner,False,81,6.5,1
3000,organic,False,53,16.7,1
